method,file_size,filename
pyteomics,74812039,E:/mzsql/MTBLS10066/20220923_LEAP-POS_QC04/20220923_LEAP-POS_QC04
pyopenms,74812039,E:/mzsql/MTBLS10066/20220923_LEAP-POS_QC04/20220923_LEAP-POS_QC04
pyopenms_2DPeak,74812039,E:/mzsql/MTBLS10066/20220923_LEAP-POS_QC04/20220923_LEAP-POS_QC04
pymzml,74812039,E:/mzsql/MTBLS10066/20220923_LEAP-POS_QC04/20220923_LEAP-POS_QC04
mzMLb,17621893,E:/mzsql/MTBLS10066/20220923_LEAP-POS_QC04/20220923_LEAP-POS_QC04
mzDB,95846400,E:/mzsql/MTBLS10066/20220923_LEAP-POS_QC04/20220923_LEAP-POS_QC04
MZA,54892680,E:/mzsql/MTBLS10066/20220923_LEAP-POS_QC04/20220923_LEAP-POS_QC04
mz5,22619599,E:/mzsql/MTBLS10066/20220923_LEAP-POS_QC04/20220923_LEAP-POS_QC04
MZTree,83783800,E:/mzsql/MTBLS10066/20220923_LEAP-POS_QC04/20220923_LEAP-POS_QC04
mzMD,99250176,E:/mzsql/MTBLS10066/20220923_LEAP-POS_QC04/20220923_LEAP-POS_QC04
SQLite,197480448,E:/mzsql/MTBLS10066/20220923_LEAP-POS_QC04/20220923_LEAP-POS_QC04
DuckDB,42479616,E:/mzsql/MTBLS10066/20220923_LEAP-POS_QC04/20220923_LEAP-POS_QC04
Parquet,30484631,E:/mzsql/MTBLS10066/20220923_LEAP-POS_QC04/20220923_LEAP-POS_QC04
pyteomics,89232085,E:/mzsql/MTBLS10066/20220929_LEAP-POS_BL14B/20220929_LEAP-POS_BL14B
pyopenms,89232085,E:/mzsql/MTBLS10066/20220929_LEAP-POS_BL14B/20220929_LEAP-POS_BL14B
pyopenms_2DPeak,89232085,E:/mzsql/MTBLS10066/20220929_LEAP-POS_BL14B/20220929_LEAP-POS_BL14B
pymzml,89232085,E:/mzsql/MTBLS10066/20220929_LEAP-POS_BL14B/20220929_LEAP-POS_BL14B
mzMLb,24913627,E:/mzsql/MTBLS10066/20220929_LEAP-POS_BL14B/20220929_LEAP-POS_BL14B
mzDB,115597312,E:/mzsql/MTBLS10066/20220929_LEAP-POS_BL14B/20220929_LEAP-POS_BL14B
MZA,77382256,E:/mzsql/MTBLS10066/20220929_LEAP-POS_BL14B/20220929_LEAP-POS_BL14B
mz5,30788119,E:/mzsql/MTBLS10066/20220929_LEAP-POS_BL14B/20220929_LEAP-POS_BL14B
MZTree,120521760,E:/mzsql/MTBLS10066/20220929_LEAP-POS_BL14B/20220929_LEAP-POS_BL14B
mzMD,146731008,E:/mzsql/MTBLS10066/20220929_LEAP-POS_BL14B/20220929_LEAP-POS_BL14B
SQLite,294064128,E:/mzsql/MTBLS10066/20220929_LEAP-POS_BL14B/20220929_LEAP-POS_BL14B
DuckDB,61878272,E:/mzsql/MTBLS10066/20220929_LEAP-POS_BL14B/20220929_LEAP-POS_BL14B
Parquet,44910513,E:/mzsql/MTBLS10066/20220929_LEAP-POS_BL14B/20220929_LEAP-POS_BL14B
pyteomics,74310358,E:/mzsql/MTBLS10066/20220923_LEAP-POS_S036/20220923_LEAP-POS_S036
pyopenms,74310358,E:/mzsql/MTBLS10066/20220923_LEAP-POS_S036/20220923_LEAP-POS_S036
pyopenms_2DPeak,74310358,E:/mzsql/MTBLS10066/20220923_LEAP-POS_S036/20220923_LEAP-POS_S036
pymzml,74310358,E:/mzsql/MTBLS10066/20220923_LEAP-POS_S036/20220923_LEAP-POS_S036
mzMLb,17298463,E:/mzsql/MTBLS10066/20220923_LEAP-POS_S036/20220923_LEAP-POS_S036
mzDB,93863936,E:/mzsql/MTBLS10066/20220923_LEAP-POS_S036/20220923_LEAP-POS_S036
MZA,53681931,E:/mzsql/MTBLS10066/20220923_LEAP-POS_S036/20220923_LEAP-POS_S036
mz5,22292837,E:/mzsql/MTBLS10066/20220923_LEAP-POS_S036/20220923_LEAP-POS_S036
MZTree,81578504,E:/mzsql/MTBLS10066/20220923_LEAP-POS_S036/20220923_LEAP-POS_S036
mzMD,96612352,E:/mzsql/MTBLS10066/20220923_LEAP-POS_S036/20220923_LEAP-POS_S036
SQLite,193273856,E:/mzsql/MTBLS10066/20220923_LEAP-POS_S036/20220923_LEAP-POS_S036
DuckDB,41431040,E:/mzsql/MTBLS10066/20220923_LEAP-POS_S036/20220923_LEAP-POS_S036
Parquet,30028647,E:/mzsql/MTBLS10066/20220923_LEAP-POS_S036/20220923_LEAP-POS_S036
pyteomics,80104812,E:/mzsql/MTBLS10066/20230303_LEAP02_B2_POS_S054/20230303_LEAP02_B2_POS_S054
pyopenms,80104812,E:/mzsql/MTBLS10066/20230303_LEAP02_B2_POS_S054/20230303_LEAP02_B2_POS_S054
pyopenms_2DPeak,80104812,E:/mzsql/MTBLS10066/20230303_LEAP02_B2_POS_S054/20230303_LEAP02_B2_POS_S054
pymzml,80104812,E:/mzsql/MTBLS10066/20230303_LEAP02_B2_POS_S054/20230303_LEAP02_B2_POS_S054
mzMLb,17422073,E:/mzsql/MTBLS10066/20230303_LEAP02_B2_POS_S054/20230303_LEAP02_B2_POS_S054
mzDB,94527488,E:/mzsql/MTBLS10066/20230303_LEAP02_B2_POS_S054/20230303_LEAP02_B2_POS_S054
MZA,53070149,E:/mzsql/MTBLS10066/20230303_LEAP02_B2_POS_S054/20230303_LEAP02_B2_POS_S054
mz5,22908999,E:/mzsql/MTBLS10066/20230303_LEAP02_B2_POS_S054/20230303_LEAP02_B2_POS_S054
MZTree,76480240,E:/mzsql/MTBLS10066/20230303_LEAP02_B2_POS_S054/20230303_LEAP02_B2_POS_S054
mzMD,89354240,E:/mzsql/MTBLS10066/20230303_LEAP02_B2_POS_S054/20230303_LEAP02_B2_POS_S054
SQLite,200896512,E:/mzsql/MTBLS10066/20230303_LEAP02_B2_POS_S054/20230303_LEAP02_B2_POS_S054
DuckDB,40382464,E:/mzsql/MTBLS10066/20230303_LEAP02_B2_POS_S054/20230303_LEAP02_B2_POS_S054
Parquet,29709046,E:/mzsql/MTBLS10066/20230303_LEAP02_B2_POS_S054/20230303_LEAP02_B2_POS_S054
pyteomics,88119120,E:/mzsql/MTBLS10066/20221001_LEAP-POS_QC20/20221001_LEAP-POS_QC20
pyopenms,88119120,E:/mzsql/MTBLS10066/20221001_LEAP-POS_QC20/20221001_LEAP-POS_QC20
pyopenms_2DPeak,88119120,E:/mzsql/MTBLS10066/20221001_LEAP-POS_QC20/20221001_LEAP-POS_QC20
pymzml,88119120,E:/mzsql/MTBLS10066/20221001_LEAP-POS_QC20/20221001_LEAP-POS_QC20
mzMLb,22555099,E:/mzsql/MTBLS10066/20221001_LEAP-POS_QC20/20221001_LEAP-POS_QC20
mzDB,108998656,E:/mzsql/MTBLS10066/20221001_LEAP-POS_QC20/20221001_LEAP-POS_QC20
MZA,69917758,E:/mzsql/MTBLS10066/20221001_LEAP-POS_QC20/20221001_LEAP-POS_QC20
mz5,28457254,E:/mzsql/MTBLS10066/20221001_LEAP-POS_QC20/20221001_LEAP-POS_QC20
MZTree,107281952,E:/mzsql/MTBLS10066/20221001_LEAP-POS_QC20/20221001_LEAP-POS_QC20
mzMD,128966656,E:/mzsql/MTBLS10066/20221001_LEAP-POS_QC20/20221001_LEAP-POS_QC20
SQLite,258240512,E:/mzsql/MTBLS10066/20221001_LEAP-POS_QC20/20221001_LEAP-POS_QC20
DuckDB,55062528,E:/mzsql/MTBLS10066/20221001_LEAP-POS_QC20/20221001_LEAP-POS_QC20
Parquet,40764225,E:/mzsql/MTBLS10066/20221001_LEAP-POS_QC20/20221001_LEAP-POS_QC20
