query,target,method,time
ms1_spec,9044,pyteomics,4.865714899962768
ms1_spec,9044,pyopenms,2.2299291000235826
ms1_spec,9044,pymzml,0.05063039995729923
ms1_spec,9044,mzMLb,5.74965070001781
ms1_spec,9044,mzDB,0.7284120998810977
ms1_spec,9044,MZA,0.01025010016746819
ms1_spec,9044,mz5,0.04150870000012219
ms1_spec,9044,SQLite,0.2203402000013739
ms1_spec,9044,DuckDB,0.02050359989516437
ms1_spec,9044,Parquet,0.0648740001488477
ms1_spec,187,pyteomics,0.4064356000162661
ms1_spec,187,pyopenms,2.159137000096962
ms1_spec,187,pymzml,0.04633089993149042
ms1_spec,187,mzMLb,0.16056849993765354
ms1_spec,187,mzDB,0.958945499965921
ms1_spec,187,MZA,0.0011698000598698854
ms1_spec,187,mz5,0.038511899998411536
ms1_spec,187,SQLite,0.22343620005995035
ms1_spec,187,DuckDB,0.010911500081419945
ms1_spec,187,Parquet,0.03971829987131059
ms1_spec,7532,pyteomics,4.489640099927783
ms1_spec,7532,pyopenms,2.275009199976921
ms1_spec,7532,pymzml,0.03816760005429387
ms1_spec,7532,mzMLb,5.1911798000801355
ms1_spec,7532,mzDB,1.0532080000266433
ms1_spec,7532,MZA,0.0011668999213725328
ms1_spec,7532,mz5,0.038812599843367934
ms1_spec,7532,SQLite,0.22863760008476675
ms1_spec,7532,DuckDB,0.012334099970757961
ms1_spec,7532,Parquet,0.04767180001363158
ms1_spec,2396,pyteomics,1.6611242999788374
ms1_spec,2396,pyopenms,2.3013861998915672
ms1_spec,2396,pymzml,0.03935940004885197
ms1_spec,2396,mzMLb,1.6259522000327706
ms1_spec,2396,mzDB,0.3997827998828143
ms1_spec,2396,MZA,0.001215699827298522
ms1_spec,2396,mz5,0.04111650004051626
ms1_spec,2396,SQLite,0.2305534000042826
ms1_spec,2396,DuckDB,0.01163950003683567
ms1_spec,2396,Parquet,0.049256399972364306
ms1_spec,10409,pyteomics,6.076993700116873
ms1_spec,10409,pyopenms,2.3654201000463217
ms1_spec,10409,pymzml,0.038905300199985504
ms1_spec,10409,mzMLb,7.143831399967894
ms1_spec,10409,mzDB,0.8338645999319851
ms1_spec,10409,MZA,0.0011838001664727926
ms1_spec,10409,mz5,0.03741069999523461
ms1_spec,10409,SQLite,0.22780200000852346
ms1_spec,10409,DuckDB,0.011357400100678205
ms1_spec,10409,Parquet,0.02947469986975193
ms1_spec,87,pyteomics,0.3854906000196934
ms1_spec,87,pyopenms,2.323564500082284
ms1_spec,87,pymzml,0.0497596999630332
ms1_spec,87,mzMLb,0.11372450017370284
ms1_spec,87,mzDB,0.9708469999022782
ms1_spec,87,MZA,0.001191499875858426
ms1_spec,87,mz5,0.03759099985472858
ms1_spec,87,SQLite,0.22960099996998906
ms1_spec,87,DuckDB,0.01055789995007217
ms1_spec,87,Parquet,0.04084279993548989
ms1_spec,5259,pyteomics,3.40872920001857
ms1_spec,5259,pyopenms,2.419962099986151
ms1_spec,5259,pymzml,0.04229469993151724
ms1_spec,5259,mzMLb,3.714933400042355
ms1_spec,5259,mzDB,1.2558285999111831
ms1_spec,5259,MZA,0.001246799947693944
ms1_spec,5259,mz5,0.03822290012612939
ms1_spec,5259,SQLite,0.22870289999991655
ms1_spec,5259,DuckDB,0.011414899956434965
ms1_spec,5259,Parquet,0.046284399926662445
ms1_spec,69,pyteomics,0.3848777001257986
ms1_spec,69,pyopenms,2.3574449999723583
ms1_spec,69,pymzml,0.057998500065878034
ms1_spec,69,mzMLb,0.10576270008459687
ms1_spec,69,mzDB,0.9865282000973821
ms1_spec,69,MZA,0.0012149999383836985
ms1_spec,69,mz5,0.03601619997061789
ms1_spec,69,SQLite,0.23234109999611974
ms1_spec,69,DuckDB,0.01037910021841526
ms1_spec,69,Parquet,0.03979790001176298
ms1_spec,5157,pyteomics,3.3866435000672936
ms1_spec,5157,pyopenms,2.442585399840027
ms1_spec,5157,pymzml,0.041991200065240264
ms1_spec,5157,mzMLb,3.768899700138718
ms1_spec,5157,mzDB,1.269300299929455
ms1_spec,5157,MZA,0.0012288999278098345
ms1_spec,5157,mz5,0.0394592999946326
ms1_spec,5157,SQLite,0.2337257000617683
ms1_spec,5157,DuckDB,0.010209800209850073
ms1_spec,5157,Parquet,0.04875019984319806
ms1_spec,7988,pyteomics,4.962067699991167
ms1_spec,7988,pyopenms,2.4543275001924485
ms1_spec,7988,pymzml,0.04421439999714494
ms1_spec,7988,mzMLb,5.694825300015509
ms1_spec,7988,mzDB,1.0413814999628812
ms1_spec,7988,MZA,0.0012512998655438423
ms1_spec,7988,mz5,0.03708300017751753
ms1_spec,7988,SQLite,0.2385303999762982
ms1_spec,7988,DuckDB,0.011252500116825104
ms1_spec,7988,Parquet,0.04604130005463958
chrom,666.617919921875,pyteomics,7.347969900118187
chrom,666.617919921875,pyopenms,3.109340799972415
chrom,666.617919921875,pyopenms_2DPeak,2.4376296000555158
chrom,666.617919921875,pymzml,4.383111899951473
chrom,666.617919921875,mzMLb,6.668189000105485
chrom,666.617919921875,mzDB,0.5668784999288619
chrom,666.617919921875,MZA,2.9462405999656767
chrom,666.617919921875,mz5,9.892328600166366
chrom,666.617919921875,MZTree,2.324966700049117
chrom,666.617919921875,mzMD,0.3520376000087708
chrom,666.617919921875,SQLite,0.2727252999320626
chrom,666.617919921875,DuckDB,0.0803173000458628
chrom,666.617919921875,Parquet,0.08044619997963309
chrom,391.2838439941406,pyteomics,7.259717699838802
chrom,391.2838439941406,pyopenms,3.101277400040999
chrom,391.2838439941406,pyopenms_2DPeak,2.4517926999833435
chrom,391.2838439941406,pymzml,4.337346800137311
chrom,391.2838439941406,mzMLb,6.667044000001624
chrom,391.2838439941406,mzDB,0.2537636999040842
chrom,391.2838439941406,MZA,3.0084192000795156
chrom,391.2838439941406,mz5,10.023612100165337
chrom,391.2838439941406,MZTree,0.36256589996628463
chrom,391.2838439941406,mzMD,0.19761089980602264
chrom,391.2838439941406,SQLite,0.2677514001261443
chrom,391.2838439941406,DuckDB,0.03228659997694194
chrom,391.2838439941406,Parquet,0.06365119991824031
chrom,924.2693481445312,pyteomics,6.914233400020748
chrom,924.2693481445312,pyopenms,2.735181099968031
chrom,924.2693481445312,pyopenms_2DPeak,2.466991800116375
chrom,924.2693481445312,pymzml,3.9618553000036627
chrom,924.2693481445312,mzMLb,6.236922200070694
chrom,924.2693481445312,mzDB,0.5239069999661297
chrom,924.2693481445312,MZA,2.95210099988617
chrom,924.2693481445312,mz5,10.144802799914032
chrom,924.2693481445312,MZTree,0.8614504002034664
chrom,924.2693481445312,mzMD,0.16375879989936948
chrom,924.2693481445312,SQLite,0.255008100066334
chrom,924.2693481445312,DuckDB,0.03144140006043017
chrom,924.2693481445312,Parquet,0.08756810007616878
chrom,758.5687255859375,pyteomics,7.624702600063756
chrom,758.5687255859375,pyopenms,3.4208465998526663
chrom,758.5687255859375,pyopenms_2DPeak,2.544541500043124
chrom,758.5687255859375,pymzml,5.099588199984282
chrom,758.5687255859375,mzMLb,7.045070099877194
chrom,758.5687255859375,mzDB,0.5735774000640959
chrom,758.5687255859375,MZA,3.8164411999750882
chrom,758.5687255859375,mz5,10.149706800002605
chrom,758.5687255859375,MZTree,0.7825640998780727
chrom,758.5687255859375,mzMD,0.18615219998173416
chrom,758.5687255859375,SQLite,0.26801720005460083
chrom,758.5687255859375,DuckDB,0.0443255000282079
chrom,758.5687255859375,Parquet,0.08131009992212057
chrom,496.33837890625,pyteomics,7.016044600168243
chrom,496.33837890625,pyopenms,2.8796395000535995
chrom,496.33837890625,pyopenms_2DPeak,2.4754375000484288
chrom,496.33837890625,pymzml,4.357408500043675
chrom,496.33837890625,mzMLb,6.370238400064409
chrom,496.33837890625,mzDB,0.2422058000229299
chrom,496.33837890625,MZA,3.9585060998797417
chrom,496.33837890625,mz5,10.147493399912491
chrom,496.33837890625,MZTree,0.07259520003572106
chrom,496.33837890625,mzMD,0.1989188001025468
chrom,496.33837890625,SQLite,0.26483680005185306
chrom,496.33837890625,DuckDB,0.016881000017747283
chrom,496.33837890625,Parquet,0.10437940014526248
chrom,700.6256103515625,pyteomics,7.680405999999493
chrom,700.6256103515625,pyopenms,3.3647618999239057
chrom,700.6256103515625,pyopenms_2DPeak,2.4943938001524657
chrom,700.6256103515625,pymzml,4.694602299947292
chrom,700.6256103515625,mzMLb,6.956945599988103
chrom,700.6256103515625,mzDB,0.5764165997970849
chrom,700.6256103515625,MZA,3.845143700018525
chrom,700.6256103515625,mz5,10.04962159995921
chrom,700.6256103515625,MZTree,0.17326229996979237
chrom,700.6256103515625,mzMD,0.19037359999492764
chrom,700.6256103515625,SQLite,0.25771240005269647
chrom,700.6256103515625,DuckDB,0.024423799943178892
chrom,700.6256103515625,Parquet,0.09138160012662411
chrom,1222.341064453125,pyteomics,7.098243100102991
chrom,1222.341064453125,pyopenms,2.7798808999359608
chrom,1222.341064453125,pyopenms_2DPeak,2.457270900020376
chrom,1222.341064453125,pymzml,4.038053400116041
chrom,1222.341064453125,mzMLb,6.365099599817768
chrom,1222.341064453125,mzDB,0.34518010006286204
chrom,1222.341064453125,MZA,3.7977809000294656
chrom,1222.341064453125,mz5,10.179869099985808
chrom,1222.341064453125,MZTree,0.12779720011167228
chrom,1222.341064453125,mzMD,0.21511079999618232
chrom,1222.341064453125,SQLite,0.25355820008553565
chrom,1222.341064453125,DuckDB,0.01630820007994771
chrom,1222.341064453125,Parquet,0.06010230001993477
chrom,237.0791473388672,pyteomics,7.439262400148436
chrom,237.0791473388672,pyopenms,3.187198500148952
chrom,237.0791473388672,pyopenms_2DPeak,2.4871743000112474
chrom,237.0791473388672,pymzml,4.424355800030753
chrom,237.0791473388672,mzMLb,6.841513299848884
chrom,237.0791473388672,mzDB,0.2643835998605937
chrom,237.0791473388672,MZA,3.9583038999699056
chrom,237.0791473388672,mz5,10.167011299869046
chrom,237.0791473388672,MZTree,0.5064020999707282
chrom,237.0791473388672,mzMD,0.19938319991342723
chrom,237.0791473388672,SQLite,0.270473700016737
chrom,237.0791473388672,DuckDB,0.025469500105828047
chrom,237.0791473388672,Parquet,0.05661410000175238
chrom,219.1871795654297,pyteomics,6.969978700159118
chrom,219.1871795654297,pyopenms,2.764093500096351
chrom,219.1871795654297,pyopenms_2DPeak,2.4832550000865012
chrom,219.1871795654297,pymzml,4.00750399986282
chrom,219.1871795654297,mzMLb,6.36798660014756
chrom,219.1871795654297,mzDB,0.2670036000199616
chrom,219.1871795654297,MZA,3.9537242997903377
chrom,219.1871795654297,mz5,10.15542810014449
chrom,219.1871795654297,MZTree,0.34637119993567467
chrom,219.1871795654297,mzMD,0.1980296999681741
chrom,219.1871795654297,SQLite,0.2771812998689711
chrom,219.1871795654297,DuckDB,0.015520700020715594
chrom,219.1871795654297,Parquet,0.05513889994472265
chrom,980.2788696289062,pyteomics,7.143268799874932
chrom,980.2788696289062,pyopenms,2.828258200082928
chrom,980.2788696289062,pyopenms_2DPeak,2.480443000094965
chrom,980.2788696289062,pymzml,4.065523799974471
chrom,980.2788696289062,mzMLb,6.382213999982923
chrom,980.2788696289062,mzDB,0.49375240015797317
chrom,980.2788696289062,MZA,3.864397999830544
chrom,980.2788696289062,mz5,10.209840800147504
chrom,980.2788696289062,MZTree,0.07067050016485155
chrom,980.2788696289062,mzMD,0.15979619999416173
chrom,980.2788696289062,SQLite,0.25533930002711713
chrom,980.2788696289062,DuckDB,0.020151100121438503
chrom,980.2788696289062,Parquet,0.08391609997488558
rtrange,12.086972,pyteomics,6.666672599967569
rtrange,12.086972,pyopenms,2.4796415001619607
rtrange,12.086972,pyopenms_2DPeak,2.5069796999450773
rtrange,12.086972,pymzml,2.7488029999658465
rtrange,12.086972,mzMLb,6.00174400000833
rtrange,12.086972,mzDB,0.6591978000942618
rtrange,12.086972,MZA,0.06959780002944171
rtrange,12.086972,mz5,0.89214410004206
rtrange,12.086972,MZTree,0.4886677998583764
rtrange,12.086972,mzMD,0.3083861998748034
rtrange,12.086972,SQLite,0.29002590011805296
rtrange,12.086972,DuckDB,0.011986400000751019
rtrange,12.086972,Parquet,0.04409740003757179
rtrange,5.1986495,pyteomics,6.641529300017282
rtrange,5.1986495,pyopenms,2.5098971999250352
rtrange,5.1986495,pyopenms_2DPeak,2.5178468998055905
rtrange,5.1986495,pymzml,2.7410772999282926
rtrange,5.1986495,mzMLb,5.996652900008485
rtrange,5.1986495,mzDB,1.4900032000150532
rtrange,5.1986495,MZA,0.11494280002079904
rtrange,5.1986495,mz5,0.8999395000282675
rtrange,5.1986495,MZTree,0.6666194000281394
rtrange,5.1986495,mzMD,0.4144172000233084
rtrange,5.1986495,SQLite,0.376943500014022
rtrange,5.1986495,DuckDB,0.017409699968993664
rtrange,5.1986495,Parquet,0.04534740000963211
rtrange,6.3637501,pyteomics,6.654461800120771
rtrange,6.3637501,pyopenms,2.5044591000769287
rtrange,6.3637501,pyopenms_2DPeak,2.5140255000442266
rtrange,6.3637501,pymzml,2.7576967000495642
rtrange,6.3637501,mzMLb,6.079097700072452
rtrange,6.3637501,mzDB,0.8319155001081526
rtrange,6.3637501,MZA,0.10037869983352721
rtrange,6.3637501,mz5,0.8824928000103682
rtrange,6.3637501,MZTree,0.2960555001627654
rtrange,6.3637501,mzMD,0.36494020000100136
rtrange,6.3637501,SQLite,0.34750509983859956
rtrange,6.3637501,DuckDB,0.01618349994532764
rtrange,6.3637501,Parquet,0.04295289982110262
rtrange,7.405009,pyteomics,6.7420912000816315
rtrange,7.405009,pyopenms,2.5463232998736203
rtrange,7.405009,pyopenms_2DPeak,2.519374000141397
rtrange,7.405009,pymzml,2.753138299798593
rtrange,7.405009,mzMLb,5.984847800107673
rtrange,7.405009,mzDB,1.1720916000194848
rtrange,7.405009,MZA,0.0782353999093175
rtrange,7.405009,mz5,0.8756835998501629
rtrange,7.405009,MZTree,0.1020562001504004
rtrange,7.405009,mzMD,0.38386419997550547
rtrange,7.405009,SQLite,0.3360462000127882
rtrange,7.405009,DuckDB,0.014106200076639652
rtrange,7.405009,Parquet,0.0440291000995785
rtrange,3.5547862,pyteomics,6.738146599847823
rtrange,3.5547862,pyopenms,2.556395099963993
rtrange,3.5547862,pyopenms_2DPeak,2.5527371000498533
rtrange,3.5547862,pymzml,2.7505544999148697
rtrange,3.5547862,mzMLb,6.010629100026563
rtrange,3.5547862,mzDB,1.030336800031364
rtrange,3.5547862,MZA,0.12085879989899695
rtrange,3.5547862,mz5,0.9006966999731958
rtrange,3.5547862,MZTree,0.45224980008788407
rtrange,3.5547862,mzMD,0.45418669981881976
rtrange,3.5547862,SQLite,0.3812865000218153
rtrange,3.5547862,DuckDB,0.017310000024735928
rtrange,3.5547862,Parquet,0.04582330002449453
rtrange,11.081534,pyteomics,6.768882300006226
rtrange,11.081534,pyopenms,2.5749034001491964
rtrange,11.081534,pyopenms_2DPeak,2.5339621000457555
rtrange,11.081534,pymzml,2.806028899969533
rtrange,11.081534,mzMLb,6.091014900011942
rtrange,11.081534,mzDB,2.3314511999487877
rtrange,11.081534,MZA,0.18651589984074235
rtrange,11.081534,mz5,0.9799776000436395
rtrange,11.081534,MZTree,0.1808337999973446
rtrange,11.081534,mzMD,0.40698700002394617
rtrange,11.081534,SQLite,0.37369769997894764
rtrange,11.081534,DuckDB,0.01792539982125163
rtrange,11.081534,Parquet,0.04754279996268451
rtrange,8.9294429,pyteomics,6.755821899976581
rtrange,8.9294429,pyopenms,2.548287499928847
rtrange,8.9294429,pyopenms_2DPeak,2.5289614000357687
rtrange,8.9294429,pymzml,2.8341202000156045
rtrange,8.9294429,mzMLb,6.100430499995127
rtrange,8.9294429,mzDB,3.2056533000431955
rtrange,8.9294429,MZA,0.1570224000606686
rtrange,8.9294429,mz5,0.9450829999987036
rtrange,8.9294429,MZTree,0.40685750008560717
rtrange,8.9294429,mzMD,0.43172520003281534
rtrange,8.9294429,SQLite,0.38752499991096556
rtrange,8.9294429,DuckDB,0.01680859993211925
rtrange,8.9294429,Parquet,0.04406849993392825
rtrange,2.528971,pyteomics,6.716768600046635
rtrange,2.528971,pyopenms,2.5221152999438345
rtrange,2.528971,pyopenms_2DPeak,2.5465605999343097
rtrange,2.528971,pymzml,2.8361647999845445
rtrange,2.528971,mzMLb,6.056845400016755
rtrange,2.528971,mzDB,1.9372240998782218
rtrange,2.528971,MZA,0.21457910002209246
rtrange,2.528971,mz5,0.9316682000644505
rtrange,2.528971,MZTree,0.958246200112626
rtrange,2.528971,mzMD,0.5352252000011504
rtrange,2.528971,SQLite,0.484793399926275
rtrange,2.528971,DuckDB,0.025730200111865997
rtrange,2.528971,Parquet,0.048489800188690424
rtrange,1.2896954,pyteomics,6.868624499998987
rtrange,1.2896954,pyopenms,2.5849967000540346
rtrange,1.2896954,pyopenms_2DPeak,2.5810368999373168
rtrange,1.2896954,pymzml,2.8075192000251263
rtrange,1.2896954,mzMLb,6.119638100033626
rtrange,1.2896954,mzDB,2.1327319000847638
rtrange,1.2896954,MZA,0.2225957999471575
rtrange,1.2896954,mz5,0.93803930003196
rtrange,1.2896954,MZTree,0.7484494999516755
rtrange,1.2896954,mzMD,0.5937005998566747
rtrange,1.2896954,SQLite,0.5102735001128167
rtrange,1.2896954,DuckDB,0.03022879990749061
rtrange,1.2896954,Parquet,0.04516489990055561
rtrange,9.9295288,pyteomics,6.840994699858129
rtrange,9.9295288,pyopenms,2.6121010000351816
rtrange,9.9295288,pyopenms_2DPeak,2.5991392999421805
rtrange,9.9295288,pymzml,2.837648299988359
rtrange,9.9295288,mzMLb,6.074797899927944
rtrange,9.9295288,mzDB,3.679671599995345
rtrange,9.9295288,MZA,0.22030790010467172
rtrange,9.9295288,mz5,0.9762204999569803
rtrange,9.9295288,MZTree,0.6320607999805361
rtrange,9.9295288,mzMD,0.4993306999094784
rtrange,9.9295288,SQLite,0.4377771997824311
rtrange,9.9295288,DuckDB,0.024979399982839823
rtrange,9.9295288,Parquet,0.047190999845042825
ms2_spec,3778,pyteomics,2.8231764000374824
ms2_spec,3778,pyopenms,2.6797738999594003
ms2_spec,3778,pymzml,0.04241090011782944
ms2_spec,3778,mzMLb,2.9278914998285472
ms2_spec,3778,mzDB,0.04902800009585917
ms2_spec,3778,MZA,0.0010885000228881836
ms2_spec,3778,mz5,0.03724039997905493
ms2_spec,3778,SQLite,0.2399544999934733
ms2_spec,3778,DuckDB,0.02259750012308359
ms2_spec,3778,Parquet,0.05264940019696951
ms2_spec,3815,pyteomics,2.6991920999716967
ms2_spec,3815,pyopenms,2.6557317001279444
ms2_spec,3815,pymzml,0.045761199900880456
ms2_spec,3815,mzMLb,2.945508100092411
ms2_spec,3815,mzDB,0.050538099836558104
ms2_spec,3815,MZA,0.0012424001470208168
ms2_spec,3815,mz5,0.0374700000975281
ms2_spec,3815,SQLite,0.24593820003792644
ms2_spec,3815,DuckDB,0.011757800122722983
ms2_spec,3815,Parquet,0.050363400019705296
ms2_spec,5685,pyteomics,3.908500799909234
ms2_spec,5685,pyopenms,2.6892504000570625
ms2_spec,5685,pymzml,0.043465299997478724
ms2_spec,5685,mzMLb,4.339939099969342
ms2_spec,5685,mzDB,0.03730629989877343
ms2_spec,5685,MZA,0.0012510998640209436
ms2_spec,5685,mz5,0.040595199912786484
ms2_spec,5685,SQLite,0.25083490018732846
ms2_spec,5685,DuckDB,0.01309000002220273
ms2_spec,5685,Parquet,0.0511332000605762
ms2_spec,6859,pyteomics,4.505408999975771
ms2_spec,6859,pyopenms,2.6663097999989986
ms2_spec,6859,pymzml,0.04418239998631179
ms2_spec,6859,mzMLb,5.136804500129074
ms2_spec,6859,mzDB,0.0706434000749141
ms2_spec,6859,MZA,0.002397299977019429
ms2_spec,6859,mz5,0.04247839981690049
ms2_spec,6859,SQLite,0.23661969997920096
ms2_spec,6859,DuckDB,0.011202699970453978
ms2_spec,6859,Parquet,0.050096399849280715
ms2_spec,4223,pyteomics,2.9855150999501348
ms2_spec,4223,pyopenms,2.659705499885604
ms2_spec,4223,pymzml,0.0451774001121521
ms2_spec,4223,mzMLb,3.2991987999994308
ms2_spec,4223,mzDB,0.046384200220927596
ms2_spec,4223,MZA,0.0012522002216428518
ms2_spec,4223,mz5,0.041239599930122495
ms2_spec,4223,SQLite,0.236770800082013
ms2_spec,4223,DuckDB,0.011369899846613407
ms2_spec,4223,Parquet,0.049614000134170055
ms2_spec,3372,pyteomics,2.458977200090885
ms2_spec,3372,pyopenms,2.665518800029531
ms2_spec,3372,pymzml,0.0457695999648422
ms2_spec,3372,mzMLb,2.5884403998497874
ms2_spec,3372,mzDB,0.04812029981985688
ms2_spec,3372,MZA,0.00115099991671741
ms2_spec,3372,mz5,0.03815549984574318
ms2_spec,3372,SQLite,0.23837809986434877
ms2_spec,3372,DuckDB,0.013903400162234902
ms2_spec,3372,Parquet,0.05284880008548498
ms2_spec,6948,pyteomics,4.594779000151902
ms2_spec,6948,pyopenms,2.7569629000499845
ms2_spec,6948,pymzml,0.0432430999353528
ms2_spec,6948,mzMLb,5.2361940001137555
ms2_spec,6948,mzDB,0.0701254999730736
ms2_spec,6948,MZA,0.0013701999559998512
ms2_spec,6948,mz5,0.03957660007290542
ms2_spec,6948,SQLite,0.23999229981563985
ms2_spec,6948,DuckDB,0.011518500046804547
ms2_spec,6948,Parquet,0.05933459987863898
ms2_spec,6354,pyteomics,4.550210700137541
ms2_spec,6354,pyopenms,2.7568258000537753
ms2_spec,6354,pymzml,0.045906199840828776
ms2_spec,6354,mzMLb,4.7452639997936785
ms2_spec,6354,mzDB,0.06954080006107688
ms2_spec,6354,MZA,0.0012776998337358236
ms2_spec,6354,mz5,0.0393072001170367
ms2_spec,6354,SQLite,0.23910839995369315
ms2_spec,6354,DuckDB,0.011493499856442213
ms2_spec,6354,Parquet,0.05130120017565787
ms2_spec,3140,pyteomics,2.3462912999093533
ms2_spec,3140,pyopenms,2.7163915999699384
ms2_spec,3140,pymzml,0.04419879987835884
ms2_spec,3140,mzMLb,2.3688471000641584
ms2_spec,3140,mzDB,0.034301800187677145
ms2_spec,3140,MZA,0.001395499799400568
ms2_spec,3140,mz5,0.04130629985593259
ms2_spec,3140,SQLite,0.24026230000890791
ms2_spec,3140,DuckDB,0.011530699906870723
ms2_spec,3140,Parquet,0.055802399991080165
ms2_spec,912,pyteomics,0.892853100085631
ms2_spec,912,pyopenms,2.733639500103891
ms2_spec,912,pymzml,0.05711889988742769
ms2_spec,912,mzMLb,0.6741806999780238
ms2_spec,912,mzDB,0.04591519990935922
ms2_spec,912,MZA,0.0017989999614655972
ms2_spec,912,mz5,0.03967820014804602
ms2_spec,912,SQLite,0.24561670003458858
ms2_spec,912,DuckDB,0.02246550004929304
ms2_spec,912,Parquet,0.052837900118902326
premz,391.283612072468,pyteomics,6.915094699943438
premz,391.283612072468,pyopenms,2.8043144000694156
premz,391.283612072468,pymzml,2.8271904001012444
premz,391.283612072468,mzMLb,5.9558816000353545
premz,391.283612072468,mzDB,0.0797609998844564
premz,391.283612072468,MZA,1.8381201999727637
premz,391.283612072468,SQLite,0.018697499996051192
premz,391.283612072468,DuckDB,0.02464960003271699
premz,391.283612072468,Parquet,0.00983889983035624
premz,666.617626965046,pyteomics,6.869187499862164
premz,666.617626965046,pyopenms,2.7435282999649644
premz,666.617626965046,pymzml,2.7892334000207484
premz,666.617626965046,mzMLb,6.001734900055453
premz,666.617626965046,mzDB,0.034493399783968925
premz,666.617626965046,MZA,2.1810674001462758
premz,666.617626965046,SQLite,0.018814700189977884
premz,666.617626965046,DuckDB,0.01132400007918477
premz,666.617626965046,Parquet,0.00876670004799962
premz,758.568798840046,pyteomics,6.828945799963549
premz,758.568798840046,pyopenms,2.732966900104657
premz,758.568798840046,pymzml,2.795721600065008
premz,758.568798840046,mzMLb,6.071575299836695
premz,758.568798840046,mzDB,0.034455500077456236
premz,758.568798840046,MZA,1.8803632999770343
premz,758.568798840046,SQLite,0.018513499991968274
premz,758.568798840046,DuckDB,0.011516899801790714
premz,758.568798840046,Parquet,0.009160800138488412
premz,782.56873780489,pyteomics,6.759648900013417
premz,782.56873780489,pyopenms,2.734863599995151
premz,782.56873780489,pymzml,2.8544989998918027
premz,782.56873780489,mzMLb,5.992976400069892
premz,782.56873780489,mzDB,0.06943010003305972
premz,782.56873780489,MZA,1.8328416999429464
premz,782.56873780489,SQLite,0.018371100071817636
premz,782.56873780489,DuckDB,0.011062399949878454
premz,782.56873780489,Parquet,0.0087396998424083
premz,876.800000011921,pyteomics,6.7463465998880565
premz,876.800000011921,pyopenms,2.70922389999032
premz,876.800000011921,pymzml,2.799978299997747
premz,876.800000011921,mzMLb,5.967145100003108
premz,876.800000011921,mzDB,0.03700620005838573
premz,876.800000011921,MZA,1.8348218000028282
premz,876.800000011921,SQLite,0.01816460001282394
premz,876.800000011921,DuckDB,0.010691400151699781
premz,876.800000011921,Parquet,0.008929699892178178
premz,781.555004894733,pyteomics,6.891869700048119
premz,781.555004894733,pyopenms,2.7033983999863267
premz,781.555004894733,pymzml,2.793082700110972
premz,781.555004894733,mzMLb,5.9715915999840945
premz,781.555004894733,mzDB,0.03485449985601008
premz,781.555004894733,MZA,1.8076637999620289
premz,781.555004894733,SQLite,0.017165400087833405
premz,781.555004894733,DuckDB,0.011297800112515688
premz,781.555004894733,Parquet,0.008966899942606688
premz,759.632275402546,pyteomics,6.71598819992505
premz,759.632275402546,pyopenms,2.7157344999723136
premz,759.632275402546,pymzml,2.791561499936506
premz,759.632275402546,mzMLb,5.987323600100353
premz,759.632275402546,mzDB,0.023822100134566426
premz,759.632275402546,MZA,1.822138800052926
premz,759.632275402546,SQLite,0.017600599909201264
premz,759.632275402546,DuckDB,0.01100239995867014
premz,759.632275402546,Parquet,0.00855889986269176
premz,780.549755871296,pyteomics,6.76175000006333
premz,780.549755871296,pyopenms,2.7219166001304984
premz,780.549755871296,pymzml,2.773284399881959
premz,780.549755871296,mzMLb,5.974281900096685
premz,780.549755871296,mzDB,0.045219600200653076
premz,780.549755871296,MZA,1.8098098000045866
premz,780.549755871296,SQLite,0.01835860009305179
premz,780.549755871296,DuckDB,0.011984699871391058
premz,780.549755871296,Parquet,0.009140199981629848
premz,690.617199718952,pyteomics,6.772581099998206
premz,690.617199718952,pyopenms,2.717935999855399
premz,690.617199718952,pymzml,2.771805000025779
premz,690.617199718952,mzMLb,5.934050000039861
premz,690.617199718952,mzDB,0.03911709995009005
premz,690.617199718952,MZA,1.8029322000220418
premz,690.617199718952,SQLite,0.01719979988411069
premz,690.617199718952,DuckDB,0.011359900003299117
premz,690.617199718952,Parquet,0.0090658999979496
premz,786.599255383015,pyteomics,6.781666599912569
premz,786.599255383015,pyopenms,2.698662899900228
premz,786.599255383015,pymzml,2.79661039984785
premz,786.599255383015,mzMLb,5.947037199977785
premz,786.599255383015,mzDB,0.0656103000510484
premz,786.599255383015,MZA,1.7975991000421345
premz,786.599255383015,SQLite,0.01811990002170205
premz,786.599255383015,DuckDB,0.011349600041285157
premz,786.599255383015,Parquet,0.008595299907028675
fragmz,149.02310180664062,pyteomics,7.587912000017241
fragmz,149.02310180664062,pyopenms,2.7861339999362826
fragmz,149.02310180664062,pymzml,3.2246175999753177
fragmz,149.02310180664062,mzMLb,6.5701981000602245
fragmz,149.02310180664062,mzDB,2.4806709000840783
fragmz,149.02310180664062,MZA,11.227257000049576
fragmz,149.02310180664062,SQLite,0.01726939994841814
fragmz,149.02310180664062,DuckDB,0.013698300113901496
fragmz,149.02310180664062,Parquet,0.009396699955686927
fragmz,369.3511657714844,pyteomics,7.3852319999132305
fragmz,369.3511657714844,pyopenms,2.78489280003123
fragmz,369.3511657714844,pymzml,3.2243977999314666
fragmz,369.3511657714844,mzMLb,6.666338799986988
fragmz,369.3511657714844,mzDB,2.4246078999713063
fragmz,369.3511657714844,MZA,11.314461200032383
fragmz,369.3511657714844,SQLite,0.01667409995570779
fragmz,369.3511657714844,DuckDB,0.01191479992121458
fragmz,369.3511657714844,Parquet,0.010376800084486604
fragmz,184.07313537597656,pyteomics,7.401606000028551
fragmz,184.07313537597656,pyopenms,2.8540262000169605
fragmz,184.07313537597656,pymzml,3.397661899914965
fragmz,184.07313537597656,mzMLb,6.680907800095156
fragmz,184.07313537597656,mzDB,2.4389785998500884
fragmz,184.07313537597656,MZA,11.253897000104189
fragmz,184.07313537597656,SQLite,0.01821479992941022
fragmz,184.07313537597656,DuckDB,0.01466810004785657
fragmz,184.07313537597656,Parquet,0.0098172000143677
fragmz,577.517822265625,pyteomics,7.425284400116652
fragmz,577.517822265625,pyopenms,2.760642600012943
fragmz,577.517822265625,pymzml,3.221012399997562
fragmz,577.517822265625,mzMLb,6.608528199838474
fragmz,577.517822265625,mzDB,2.441572500159964
fragmz,577.517822265625,MZA,11.248614500043914
fragmz,577.517822265625,SQLite,0.016984699992462993
fragmz,577.517822265625,DuckDB,0.011909600114449859
fragmz,577.517822265625,Parquet,0.014282000018283725
fragmz,71.08544158935547,pyteomics,7.364324799971655
fragmz,71.08544158935547,pyopenms,3.0155356000177562
fragmz,71.08544158935547,pymzml,3.5153878000564873
fragmz,71.08544158935547,mzMLb,6.671050500124693
fragmz,71.08544158935547,mzDB,2.4382728999480605
fragmz,71.08544158935547,MZA,12.064336099894717
fragmz,71.08544158935547,SQLite,0.029908800031989813
fragmz,71.08544158935547,DuckDB,0.020840599900111556
fragmz,71.08544158935547,Parquet,0.01596399978734553
fragmz,355.0691833496094,pyteomics,9.080214400077239
fragmz,355.0691833496094,pyopenms,2.8046768000349402
fragmz,355.0691833496094,pymzml,3.227336100069806
fragmz,355.0691833496094,mzMLb,6.773298399988562
fragmz,355.0691833496094,mzDB,2.4034285000525415
fragmz,355.0691833496094,MZA,11.329314100090414
fragmz,355.0691833496094,SQLite,0.017645500134676695
fragmz,355.0691833496094,DuckDB,0.013543499866500497
fragmz,355.0691833496094,Parquet,0.01128130010329187
fragmz,370.3542175292969,pyteomics,7.673748799832538
fragmz,370.3542175292969,pyopenms,2.7914506001397967
fragmz,370.3542175292969,pymzml,3.174537500133738
fragmz,370.3542175292969,mzMLb,7.025131999980658
fragmz,370.3542175292969,mzDB,2.465402400121093
fragmz,370.3542175292969,MZA,11.433824999956414
fragmz,370.3542175292969,SQLite,0.01702690008096397
fragmz,370.3542175292969,DuckDB,0.012175400042906404
fragmz,370.3542175292969,Parquet,0.009614499984309077
fragmz,143.01585388183594,pyteomics,7.465358600020409
fragmz,143.01585388183594,pyopenms,2.805535900173709
fragmz,143.01585388183594,pymzml,3.2215001999866217
fragmz,143.01585388183594,mzMLb,6.646531900158152
fragmz,143.01585388183594,mzDB,2.4296951999422163
fragmz,143.01585388183594,MZA,11.474123199936002
fragmz,143.01585388183594,SQLite,0.01752129988744855
fragmz,143.01585388183594,DuckDB,0.012739500030875206
fragmz,143.01585388183594,Parquet,0.010501600103452802
fragmz,167.03355407714844,pyteomics,7.450991099933162
fragmz,167.03355407714844,pyopenms,2.7884980998933315
fragmz,167.03355407714844,pymzml,3.2208941001445055
fragmz,167.03355407714844,mzMLb,6.671161999925971
fragmz,167.03355407714844,mzDB,2.4078546001110226
fragmz,167.03355407714844,MZA,11.412345499964431
fragmz,167.03355407714844,SQLite,0.017865800065919757
fragmz,167.03355407714844,DuckDB,0.013565100030973554
fragmz,167.03355407714844,Parquet,0.0116157999727875
fragmz,359.0275573730469,pyteomics,7.8738150000572205
fragmz,359.0275573730469,pyopenms,2.884190100012347
fragmz,359.0275573730469,pymzml,4.386644100071862
fragmz,359.0275573730469,mzMLb,9.432890800060704
fragmz,359.0275573730469,mzDB,2.5110861000139266
fragmz,359.0275573730469,MZA,11.546553800115362
fragmz,359.0275573730469,SQLite,0.01707689999602735
fragmz,359.0275573730469,DuckDB,0.013204799965023994
fragmz,359.0275573730469,Parquet,0.01050450000911951
