pyteomics,0.0606453140208032,spec,2024-11-21 11:25:41.762063
pyteomics,0.03885650899610482,spec,2024-11-21 11:25:41.762063
pyteomics,0.04061761000775732,spec,2024-11-21 11:25:41.762063
pyteomics,0.04192351101664826,spec,2024-11-21 11:25:41.762063
pyteomics,0.03879500899347477,spec,2024-11-21 11:25:41.762063
pyteomics,0.039494010008638725,spec,2024-11-21 11:25:41.762063
pyteomics,0.0396738100098446,spec,2024-11-21 11:25:41.762063
pyteomics,0.04022940999129787,spec,2024-11-21 11:25:41.762063
pyteomics,0.03937471000244841,spec,2024-11-21 11:25:41.762063
pyteomics,0.03970220999326557,spec,2024-11-21 11:25:41.762063
pymzml,0.08290261999354698,spec,2024-11-21 11:25:41.762063
pymzml,0.08393002097727731,spec,2024-11-21 11:25:41.762063
pymzml,0.08172632000059821,spec,2024-11-21 11:25:41.762063
pymzml,0.08120273100212216,spec,2024-11-21 11:25:41.762063
pymzml,0.08134853298543021,spec,2024-11-21 11:25:41.762063
pymzml,0.08301273302640766,spec,2024-11-21 11:25:41.762063
pymzml,0.08146853299695067,spec,2024-11-21 11:25:41.762063
pymzml,0.08532543401815929,spec,2024-11-21 11:25:41.762063
pymzml,0.08390833300654776,spec,2024-11-21 11:25:41.762063
pymzml,0.08159953201538883,spec,2024-11-21 11:25:41.762063
pyopenms,0.31924832801450975,spec,2024-11-21 11:25:41.762063
pyopenms,0.3385409349866677,spec,2024-11-21 11:25:41.762063
pyopenms,0.34004293600446545,spec,2024-11-21 11:25:41.762063
pyopenms,0.33588443501503207,spec,2024-11-21 11:25:41.762063
pyopenms,0.42206696898210794,spec,2024-11-21 11:25:41.762063
pyopenms,0.35704874197836034,spec,2024-11-21 11:25:41.762063
pyopenms,0.339794435974909,spec,2024-11-21 11:25:41.762063
pyopenms,0.33837093602051027,spec,2024-11-21 11:25:41.762063
pyopenms,0.34835203900001943,spec,2024-11-21 11:25:41.762063
pyopenms,0.33951003599213436,spec,2024-11-21 11:25:41.762063
pyteomics,1.4109868640080094,chrom,2024-11-21 11:25:41.762063
pyteomics,1.213173285999801,chrom,2024-11-21 11:25:41.762063
pyteomics,1.203085804998409,chrom,2024-11-21 11:25:41.762063
pyteomics,1.2005645350145642,chrom,2024-11-21 11:25:41.762063
pyteomics,1.2428940679819789,chrom,2024-11-21 11:25:41.762063
pyteomics,1.221852251997916,chrom,2024-11-21 11:25:41.762063
pyteomics,1.229859757993836,chrom,2024-11-21 11:25:41.762063
pyteomics,1.2217518510005902,chrom,2024-11-21 11:25:41.762063
pyteomics,1.2227086519997101,chrom,2024-11-21 11:25:41.762063
pyteomics,1.225287774024764,chrom,2024-11-21 11:25:41.762063
pymzml,1.0384245530003682,chrom,2024-11-21 11:25:41.762063
pymzml,1.04067715400015,chrom,2024-11-21 11:25:41.762063
pymzml,1.0462612570263445,chrom,2024-11-21 11:25:41.762063
pymzml,1.0304108489945065,chrom,2024-11-21 11:25:41.762063
pymzml,1.0410606539808214,chrom,2024-11-21 11:25:41.762063
pymzml,1.0380802519794088,chrom,2024-11-21 11:25:41.762063
pymzml,1.0347064700035844,chrom,2024-11-21 11:25:41.762063
pymzml,1.0589437519956846,chrom,2024-11-21 11:25:41.762063
pymzml,1.0594990529934876,chrom,2024-11-21 11:25:41.762063
pymzml,1.0379977400007192,chrom,2024-11-21 11:25:41.762063
pyopenms,1.0017418169882149,chrom,2024-11-21 11:25:41.762063
pyopenms,1.0236119310138747,chrom,2024-11-21 11:25:41.762063
pyopenms,1.1061334820115007,chrom,2024-11-21 11:25:41.762063
pyopenms,1.0656911559926812,chrom,2024-11-21 11:25:41.762063
pyopenms,1.050329128978774,chrom,2024-11-21 11:25:41.762063
pyopenms,1.0161449690058362,chrom,2024-11-21 11:25:41.762063
pyopenms,1.0548298879875802,chrom,2024-11-21 11:25:41.762063
pyopenms,1.0670485929877032,chrom,2024-11-21 11:25:41.762063
pyopenms,1.0521086860098876,chrom,2024-11-21 11:25:41.762063
pyopenms,1.0737763959914446,chrom,2024-11-21 11:25:41.762063
pyopenms_2d,0.3367100559989922,chrom,2024-11-21 11:25:41.762063
pyopenms_2d,0.4319949990021996,chrom,2024-11-21 11:25:41.762063
pyopenms_2d,0.38536497799213976,chrom,2024-11-21 11:25:41.762063
pyopenms_2d,0.4072226879943628,chrom,2024-11-21 11:25:41.762063
pyopenms_2d,0.4075437880237587,chrom,2024-11-21 11:25:41.762063
pyopenms_2d,0.4067979590035975,chrom,2024-11-21 11:25:41.762063
pyopenms_2d,0.40055495500564575,chrom,2024-11-21 11:25:41.762063
pyopenms_2d,0.3997617549903225,chrom,2024-11-21 11:25:41.762063
pyopenms_2d,0.41420505999121815,chrom,2024-11-21 11:25:41.762063
pyopenms_2d,0.41472246099147014,chrom,2024-11-21 11:25:41.762063
pyteomics,0.959085872018477,rtrange,2024-11-21 11:25:41.762063
pyteomics,0.7821708029950969,rtrange,2024-11-21 11:25:41.762063
pyteomics,0.7336056839849334,rtrange,2024-11-21 11:25:41.762063
pyteomics,0.7308901830110699,rtrange,2024-11-21 11:25:41.762063
pyteomics,0.7124777759891003,rtrange,2024-11-21 11:25:41.762063
pyteomics,0.7432985880004708,rtrange,2024-11-21 11:25:41.762063
pyteomics,0.7210749789956026,rtrange,2024-11-21 11:25:41.762063
pyteomics,0.7204974890046287,rtrange,2024-11-21 11:25:41.762063
pyteomics,0.7144622289924882,rtrange,2024-11-21 11:25:41.762063
pyteomics,0.7127440279873554,rtrange,2024-11-21 11:25:41.762063
pymzml,0.3472827630175743,rtrange,2024-11-21 11:25:41.762063
pymzml,0.35952746399561875,rtrange,2024-11-21 11:25:41.762063
pymzml,0.359363563999068,rtrange,2024-11-21 11:25:41.762063
pymzml,0.3654596659762319,rtrange,2024-11-21 11:25:41.762063
pymzml,0.3625892650161404,rtrange,2024-11-21 11:25:41.762063
pymzml,0.36813496600370854,rtrange,2024-11-21 11:25:41.762063
pymzml,0.36499316498520784,rtrange,2024-11-21 11:25:41.762063
pymzml,0.3549546639842447,rtrange,2024-11-21 11:25:41.762063
pymzml,0.35203576399362646,rtrange,2024-11-21 11:25:41.762063
pymzml,0.3558876640163362,rtrange,2024-11-21 11:25:41.762063
pyopenms,0.40219737199367955,rtrange,2024-11-21 11:25:41.762063
pyopenms,0.4198894760047551,rtrange,2024-11-21 11:25:41.762063
pyopenms,0.4258674759767018,rtrange,2024-11-21 11:25:41.762063
pyopenms,0.45997918298235163,rtrange,2024-11-21 11:25:41.762063
pyopenms,0.46381288301199675,rtrange,2024-11-21 11:25:41.762063
pyopenms,0.46916828097891994,rtrange,2024-11-21 11:25:41.762063
pyopenms,0.4601742799859494,rtrange,2024-11-21 11:25:41.762063
pyopenms,0.47661608198541217,rtrange,2024-11-21 11:25:41.762063
pyopenms,0.4656745809770655,rtrange,2024-11-21 11:25:41.762063
pyopenms,0.47104238101746887,rtrange,2024-11-21 11:25:41.762063
pyopenms_2d,0.3916585679980926,rtrange,2024-11-21 11:25:41.762063
pyopenms_2d,0.4581432789855171,rtrange,2024-11-21 11:25:41.762063
pyopenms_2d,0.45243597801891156,rtrange,2024-11-21 11:25:41.762063
pyopenms_2d,0.45733648000168614,rtrange,2024-11-21 11:25:41.762063
pyopenms_2d,0.47390578099293634,rtrange,2024-11-21 11:25:41.762063
pyopenms_2d,0.4063135710021015,rtrange,2024-11-21 11:25:41.762063
pyopenms_2d,0.40276296899537556,rtrange,2024-11-21 11:25:41.762063
pyopenms_2d,0.40663847100222483,rtrange,2024-11-21 11:25:41.762063
pyopenms_2d,0.4852156830020249,rtrange,2024-11-21 11:25:41.762063
pyopenms_2d,0.41957197297597304,rtrange,2024-11-21 11:25:41.762063
mza,0.01203318202169612,spec,2024-11-21 11:26:34.447211
mza,0.013448779005557299,spec,2024-11-21 11:26:34.447211
mza,0.013575879012933001,spec,2024-11-21 11:26:34.447211
mza,0.01349307899363339,spec,2024-11-21 11:26:34.447211
mza,0.012388879986247048,spec,2024-11-21 11:26:34.447211
mza,0.011757881991798058,spec,2024-11-21 11:26:34.447211
mza,0.014269278006395325,spec,2024-11-21 11:26:34.447211
mza,0.014050878002308309,spec,2024-11-21 11:26:34.447211
mza,0.012449081026716158,spec,2024-11-21 11:26:34.447211
mza,0.012346781004453078,spec,2024-11-21 11:26:34.447211
mzapy,0.0019171969906892627,spec,2024-11-21 11:26:34.447211
mzapy,0.0009321990073658526,spec,2024-11-21 11:26:34.447211
mzapy,0.0006621990178246051,spec,2024-11-21 11:26:34.447211
mzapy,0.0006401989958249032,spec,2024-11-21 11:26:34.447211
mzapy,0.0005854990158695728,spec,2024-11-21 11:26:34.447211
mzapy,0.0006053989927750081,spec,2024-11-21 11:26:34.447211
mzapy,0.000531298981513828,spec,2024-11-21 11:26:34.447211
mzapy,0.000509398989379406,spec,2024-11-21 11:26:34.447211
mzapy,0.00050970001029782,spec,2024-11-21 11:26:34.447211
mzapy,0.0005084989825263619,spec,2024-11-21 11:26:34.447211
mza,1.225546197994845,chrom,2024-11-21 11:26:34.447211
mza,1.261544542008778,chrom,2024-11-21 11:26:34.447211
mza,1.209611765021691,chrom,2024-11-21 11:26:34.447211
mza,1.180622278014198,chrom,2024-11-21 11:26:34.447211
mza,1.2394393820140976,chrom,2024-11-21 11:26:34.447211
mza,1.3328376200224739,chrom,2024-11-21 11:26:34.447211
mza,1.3062712340033613,chrom,2024-11-21 11:26:34.447211
mza,1.2585517289990094,chrom,2024-11-21 11:26:34.447211
mza,1.335165436990792,chrom,2024-11-21 11:26:34.447211
mza,1.3577225389890373,chrom,2024-11-21 11:26:34.447211
mzapy,1.224177124997368,chrom,2024-11-21 11:26:34.447211
mzapy,1.3179300880001392,chrom,2024-11-21 11:26:34.447211
mzapy,1.2464046259992756,chrom,2024-11-21 11:26:34.447211
mzapy,1.2142429209779948,chrom,2024-11-21 11:26:34.447211
mzapy,1.257589527987875,chrom,2024-11-21 11:26:34.447211
mzapy,1.229836423008237,chrom,2024-11-21 11:26:34.447211
mzapy,1.297684835997643,chrom,2024-11-21 11:26:34.447211
mzapy,1.2579762320092414,chrom,2024-11-21 11:26:34.447211
mzapy,1.2345779479946941,chrom,2024-11-21 11:26:34.447211
mzapy,1.2781483580183703,chrom,2024-11-21 11:26:34.447211
mza,0.14859292999608442,rtrange,2024-11-21 11:26:34.447211
mza,0.1404408280213829,rtrange,2024-11-21 11:26:34.447211
mza,0.13625962799414992,rtrange,2024-11-21 11:26:34.447211
mza,0.13490852699032985,rtrange,2024-11-21 11:26:34.447211
mza,0.13970282798982225,rtrange,2024-11-21 11:26:34.447211
mza,0.16526013301336206,rtrange,2024-11-21 11:26:34.447211
mza,0.148618829989573,rtrange,2024-11-21 11:26:34.447211
mza,0.14193502900889143,rtrange,2024-11-21 11:26:34.447211
mza,0.13934492800035514,rtrange,2024-11-21 11:26:34.447211
mza,0.13838962800218724,rtrange,2024-11-21 11:26:34.447211
mzapy,0.7248579460137989,rtrange,2024-11-21 11:26:34.447211
mzapy,0.7325845480081625,rtrange,2024-11-21 11:26:34.447211
mzapy,0.7637762540252879,rtrange,2024-11-21 11:26:34.447211
mzapy,0.7297050469787791,rtrange,2024-11-21 11:26:34.447211
mzapy,0.7030628409993369,rtrange,2024-11-21 11:26:34.447211
mzapy,0.7250438159971964,rtrange,2024-11-21 11:26:34.447211
mzapy,0.7212873059906997,rtrange,2024-11-21 11:26:34.447211
mzapy,0.7317772079841234,rtrange,2024-11-21 11:26:34.447211
mzapy,0.7251555070106406,rtrange,2024-11-21 11:26:34.447211
mzapy,0.7388262090098578,rtrange,2024-11-21 11:26:34.447211
sqlite,2.058724751987029,spec,2024-11-21 11:26:58.296737
sqlite,0.04959160400903784,spec,2024-11-21 11:26:58.296737
sqlite,0.052338704001158476,spec,2024-11-21 11:26:58.296737
sqlite,0.061692404007771984,spec,2024-11-21 11:26:58.296737
sqlite,0.04581010399851948,spec,2024-11-21 11:26:58.296737
sqlite,0.04708190300152637,spec,2024-11-21 11:26:58.296737
sqlite,0.04733500399743207,spec,2024-11-21 11:26:58.296737
sqlite,0.047909302986226976,spec,2024-11-21 11:26:58.296737
sqlite,0.04754660397884436,spec,2024-11-21 11:26:58.296737
sqlite,0.047319602977950126,spec,2024-11-21 11:26:58.296737
duckdb,0.010912700992776081,spec,2024-11-21 11:26:58.296737
duckdb,0.008439500990789384,spec,2024-11-21 11:26:58.296737
duckdb,0.007915099995443597,spec,2024-11-21 11:26:58.296737
duckdb,0.008591401012381539,spec,2024-11-21 11:26:58.296737
duckdb,0.007956601009937003,spec,2024-11-21 11:26:58.296737
duckdb,0.008326799987116829,spec,2024-11-21 11:26:58.296737
duckdb,0.008310200995765626,spec,2024-11-21 11:26:58.296737
duckdb,0.00835329998517409,spec,2024-11-21 11:26:58.296737
duckdb,0.008133201015880331,spec,2024-11-21 11:26:58.296737
duckdb,0.008355901023605838,spec,2024-11-21 11:26:58.296737
ordered_duckdb,0.0119189010001719,spec,2024-11-21 11:26:58.296737
ordered_duckdb,0.013150601007509977,spec,2024-11-21 11:26:58.296737
ordered_duckdb,0.011950999993132427,spec,2024-11-21 11:26:58.296737
ordered_duckdb,0.012596501008374617,spec,2024-11-21 11:26:58.296737
ordered_duckdb,0.012101301021175459,spec,2024-11-21 11:26:58.296737
ordered_duckdb,0.012537300994154066,spec,2024-11-21 11:26:58.296737
ordered_duckdb,0.01313230098458007,spec,2024-11-21 11:26:58.296737
ordered_duckdb,0.013614400988444686,spec,2024-11-21 11:26:58.296737
ordered_duckdb,0.01335450101760216,spec,2024-11-21 11:26:58.296737
ordered_duckdb,0.013649101019836962,spec,2024-11-21 11:26:58.296737
sqlite,0.07643440400715917,chrom,2024-11-21 11:26:58.296737
sqlite,0.06661850400269032,chrom,2024-11-21 11:26:58.296737
sqlite,0.06805060300393961,chrom,2024-11-21 11:26:58.296737
sqlite,0.07095820401445962,chrom,2024-11-21 11:26:58.296737
sqlite,0.07093430400709622,chrom,2024-11-21 11:26:58.296737
sqlite,0.06634070299332961,chrom,2024-11-21 11:26:58.296737
sqlite,0.06776080399868079,chrom,2024-11-21 11:26:58.296737
sqlite,0.06682060300954618,chrom,2024-11-21 11:26:58.296737
sqlite,0.06770510401111096,chrom,2024-11-21 11:26:58.296737
sqlite,0.06814000298618339,chrom,2024-11-21 11:26:58.296737
duckdb,0.024829301983118057,chrom,2024-11-21 11:26:58.296737
duckdb,0.022567501000594348,chrom,2024-11-21 11:26:58.296737
duckdb,0.02371990098617971,chrom,2024-11-21 11:26:58.296737
duckdb,0.02370640099979937,chrom,2024-11-21 11:26:58.296737
duckdb,0.02394120200187899,chrom,2024-11-21 11:26:58.296737
duckdb,0.023094101023161784,chrom,2024-11-21 11:26:58.296737
duckdb,0.02315820098738186,chrom,2024-11-21 11:26:58.296737
duckdb,0.024520901002688333,chrom,2024-11-21 11:26:58.296737
duckdb,0.022865501989144832,chrom,2024-11-21 11:26:58.296737
duckdb,0.02637770099681802,chrom,2024-11-21 11:26:58.296737
ordered_duckdb,0.00938000000314787,chrom,2024-11-21 11:26:58.296737
ordered_duckdb,0.009282701008487493,chrom,2024-11-21 11:26:58.296737
ordered_duckdb,0.008573700004490092,chrom,2024-11-21 11:26:58.296737
ordered_duckdb,0.008735801005968824,chrom,2024-11-21 11:26:58.296737
ordered_duckdb,0.008430899993982166,chrom,2024-11-21 11:26:58.296737
ordered_duckdb,0.009650800988310948,chrom,2024-11-21 11:26:58.296737
ordered_duckdb,0.009438299981411546,chrom,2024-11-21 11:26:58.296737
ordered_duckdb,0.008582601003581658,chrom,2024-11-21 11:26:58.296737
ordered_duckdb,0.008737299998756498,chrom,2024-11-21 11:26:58.296737
ordered_duckdb,0.008966501016402617,chrom,2024-11-21 11:26:58.296737
sqlite,0.15871990800951608,rtrange,2024-11-21 11:26:58.296737
sqlite,0.1523535079904832,rtrange,2024-11-21 11:26:58.296737
sqlite,0.1527997080120258,rtrange,2024-11-21 11:26:58.296737
sqlite,0.15285730801406316,rtrange,2024-11-21 11:26:58.296737
sqlite,0.15277490799780935,rtrange,2024-11-21 11:26:58.296737
sqlite,0.1509293080016505,rtrange,2024-11-21 11:26:58.296737
sqlite,0.16532710901810788,rtrange,2024-11-21 11:26:58.296737
sqlite,0.17701600899454206,rtrange,2024-11-21 11:26:58.296737
sqlite,0.15782560899970122,rtrange,2024-11-21 11:26:58.296737
sqlite,0.156358808017103,rtrange,2024-11-21 11:26:58.296737
duckdb,0.016055800981121138,rtrange,2024-11-21 11:26:58.296737
duckdb,0.01264400000218302,rtrange,2024-11-21 11:26:58.296737
duckdb,0.014692200988065451,rtrange,2024-11-21 11:26:58.296737
duckdb,0.01564350101398304,rtrange,2024-11-21 11:26:58.296737
duckdb,0.014915400999598205,rtrange,2024-11-21 11:26:58.296737
duckdb,0.015025100001366809,rtrange,2024-11-21 11:26:58.296737
duckdb,0.015276001009624451,rtrange,2024-11-21 11:26:58.296737
duckdb,0.016899100999580696,rtrange,2024-11-21 11:26:58.296737
duckdb,0.01551480099442415,rtrange,2024-11-21 11:26:58.296737
duckdb,0.015422201016917825,rtrange,2024-11-21 11:26:58.296737
ordered_duckdb,0.04225710200262256,rtrange,2024-11-21 11:26:58.296737
ordered_duckdb,0.0436420020123478,rtrange,2024-11-21 11:26:58.296737
ordered_duckdb,0.04279680299805477,rtrange,2024-11-21 11:26:58.296737
ordered_duckdb,0.03967120198649354,rtrange,2024-11-21 11:26:58.296737
ordered_duckdb,0.04031870199833065,rtrange,2024-11-21 11:26:58.296737
ordered_duckdb,0.04180780201568268,rtrange,2024-11-21 11:26:58.296737
ordered_duckdb,0.03645770199364051,rtrange,2024-11-21 11:26:58.296737
ordered_duckdb,0.038706602004822344,rtrange,2024-11-21 11:26:58.296737
ordered_duckdb,0.03713410202180967,rtrange,2024-11-21 11:26:58.296737
ordered_duckdb,0.034361002006335184,rtrange,2024-11-21 11:26:58.296737
pyteomics,0.04820766599732451,spec,2024-11-21 11:27:54.312320
pyteomics,0.039356572000542656,spec,2024-11-21 11:27:54.312320
pyteomics,0.040402872022241354,spec,2024-11-21 11:27:54.312320
pyteomics,0.040612971992231905,spec,2024-11-21 11:27:54.312320
pyteomics,0.040828470984706655,spec,2024-11-21 11:27:54.312320
pyteomics,0.041130870988126844,spec,2024-11-21 11:27:54.312320
pyteomics,0.03902047299197875,spec,2024-11-21 11:27:54.312320
pyteomics,0.04036967200227082,spec,2024-11-21 11:27:54.312320
pyteomics,0.0390230729826726,spec,2024-11-21 11:27:54.312320
pyteomics,0.03986807199544273,spec,2024-11-21 11:27:54.312320
mzmlb,0.01801428702310659,spec,2024-11-21 11:27:54.312320
mzmlb,0.01533118900260888,spec,2024-11-21 11:27:54.312320
mzmlb,0.018035387009149417,spec,2024-11-21 11:27:54.312320
mzmlb,0.016046589007601142,spec,2024-11-21 11:27:54.312320
mzmlb,0.01569878900772892,spec,2024-11-21 11:27:54.312320
mzmlb,0.015775389008922502,spec,2024-11-21 11:27:54.312320
mzmlb,0.015378489013528451,spec,2024-11-21 11:27:54.312320
mzmlb,0.015665788989281282,spec,2024-11-21 11:27:54.312320
mzmlb,0.015322489984100685,spec,2024-11-21 11:27:54.312320
mzmlb,0.015727988997241482,spec,2024-11-21 11:27:54.312320
pyteomics,1.3605102459841873,chrom,2024-11-21 11:27:54.312320
pyteomics,1.3007355880108662,chrom,2024-11-21 11:27:54.312320
pyteomics,1.261716515000444,chrom,2024-11-21 11:27:54.312320
pyteomics,1.280245380999986,chrom,2024-11-21 11:27:54.312320
pyteomics,1.2372137219936121,chrom,2024-11-21 11:27:54.312320
pyteomics,1.2355027229932602,chrom,2024-11-21 11:27:54.312320
pyteomics,1.242267018998973,chrom,2024-11-21 11:27:54.312320
pyteomics,1.2485737150127534,chrom,2024-11-21 11:27:54.312320
pyteomics,1.2446774170093704,chrom,2024-11-21 11:27:54.312320
pyteomics,1.2392837709921878,chrom,2024-11-21 11:27:54.312320
mzmlb,1.0184882509929594,chrom,2024-11-21 11:27:54.312320
mzmlb,1.048646543000359,chrom,2024-11-21 11:27:54.312320
mzmlb,1.072797338012606,chrom,2024-11-21 11:27:54.312320
mzmlb,1.0362799470021855,chrom,2024-11-21 11:27:54.312320
mzmlb,1.0445368450018577,chrom,2024-11-21 11:27:54.312320
mzmlb,1.077172937017167,chrom,2024-11-21 11:27:54.312320
mzmlb,1.0267442570184357,chrom,2024-11-21 11:27:54.312320
mzmlb,1.1006427749816794,chrom,2024-11-21 11:27:54.312320
mzmlb,1.0309336060017813,chrom,2024-11-21 11:27:54.312320
mzmlb,1.0405686159792822,chrom,2024-11-21 11:27:54.312320
pyteomics,1.3605102459841873,rtrange,2024-11-21 11:27:54.312320
pyteomics,1.3007355880108662,rtrange,2024-11-21 11:27:54.312320
pyteomics,1.261716515000444,rtrange,2024-11-21 11:27:54.312320
pyteomics,1.280245380999986,rtrange,2024-11-21 11:27:54.312320
pyteomics,1.2372137219936121,rtrange,2024-11-21 11:27:54.312320
pyteomics,1.2355027229932602,rtrange,2024-11-21 11:27:54.312320
pyteomics,1.242267018998973,rtrange,2024-11-21 11:27:54.312320
pyteomics,1.2485737150127534,rtrange,2024-11-21 11:27:54.312320
pyteomics,1.2446774170093704,rtrange,2024-11-21 11:27:54.312320
pyteomics,1.2392837709921878,rtrange,2024-11-21 11:27:54.312320
mzmlb,1.0184882509929594,rtrange,2024-11-21 11:27:54.312320
mzmlb,1.048646543000359,rtrange,2024-11-21 11:27:54.312320
mzmlb,1.072797338012606,rtrange,2024-11-21 11:27:54.312320
mzmlb,1.0362799470021855,rtrange,2024-11-21 11:27:54.312320
mzmlb,1.0445368450018577,rtrange,2024-11-21 11:27:54.312320
mzmlb,1.077172937017167,rtrange,2024-11-21 11:27:54.312320
mzmlb,1.0267442570184357,rtrange,2024-11-21 11:27:54.312320
mzmlb,1.1006427749816794,rtrange,2024-11-21 11:27:54.312320
mzmlb,1.0309336060017813,rtrange,2024-11-21 11:27:54.312320
mzmlb,1.0405686159792822,rtrange,2024-11-21 11:27:54.312320
pyteomics,0.1361983050010167,spec,2024-11-21 11:44:49.728741
pyteomics,0.04344270098954439,spec,2024-11-21 11:44:49.728741
pyteomics,0.04403520197956823,spec,2024-11-21 11:44:49.728741
pyteomics,0.043422301998361945,spec,2024-11-21 11:44:49.728741
pyteomics,0.04195990099105984,spec,2024-11-21 11:44:49.728741
pyteomics,0.04490490202442743,spec,2024-11-21 11:44:49.728741
pyteomics,0.04207880099420436,spec,2024-11-21 11:44:49.728741
pyteomics,0.04223340199678205,spec,2024-11-21 11:44:49.728741
pyteomics,0.04051520102075301,spec,2024-11-21 11:44:49.728741
pyteomics,0.0420718019886408,spec,2024-11-21 11:44:49.728741
mzmlb,0.02028890000656247,spec,2024-11-21 11:44:49.728741
mzmlb,0.0166230010217987,spec,2024-11-21 11:44:49.728741
mzmlb,0.018488900997908786,spec,2024-11-21 11:44:49.728741
mzmlb,0.01573469999129884,spec,2024-11-21 11:44:49.728741
mzmlb,0.015279001003364101,spec,2024-11-21 11:44:49.728741
mzmlb,0.015536399994743988,spec,2024-11-21 11:44:49.728741
mzmlb,0.015284100983990356,spec,2024-11-21 11:44:49.728741
mzmlb,0.015806899988092482,spec,2024-11-21 11:44:49.728741
mzmlb,0.01587470099912025,spec,2024-11-21 11:44:49.728741
mzmlb,0.01582010101992637,spec,2024-11-21 11:44:49.728741
pyteomics,1.2114682419924065,chrom,2024-11-21 11:44:49.728741
pyteomics,1.2047528419934679,chrom,2024-11-21 11:44:49.728741
pyteomics,1.232056251988979,chrom,2024-11-21 11:44:49.728741
pyteomics,1.3832971740048379,chrom,2024-11-21 11:44:49.728741
pyteomics,1.3201269650016911,chrom,2024-11-21 11:44:49.728741
pyteomics,1.1867256490222644,chrom,2024-11-21 11:44:49.728741
pyteomics,1.1769704470061697,chrom,2024-11-21 11:44:49.728741
pyteomics,1.1813099480059464,chrom,2024-11-21 11:44:49.728741
pyteomics,1.1856636489974335,chrom,2024-11-21 11:44:49.728741
pyteomics,1.1933420060086064,chrom,2024-11-21 11:44:49.728741
mzmlb,0.9827123869908974,chrom,2024-11-21 11:44:49.728741
mzmlb,0.9962590899958741,chrom,2024-11-21 11:44:49.728741
mzmlb,0.9854996879876126,chrom,2024-11-21 11:44:49.728741
mzmlb,0.9890847879869398,chrom,2024-11-21 11:44:49.728741
mzmlb,0.9810350869956892,chrom,2024-11-21 11:44:49.728741
mzmlb,0.9997275900095701,chrom,2024-11-21 11:44:49.728741
mzmlb,0.9877531889942475,chrom,2024-11-21 11:44:49.728741
mzmlb,0.9848773550183978,chrom,2024-11-21 11:44:49.728741
mzmlb,1.0154130779847037,chrom,2024-11-21 11:44:49.728741
mzmlb,1.03032198199071,chrom,2024-11-21 11:44:49.728741
pyteomics,0.647442478017183,rtrange,2024-11-21 11:44:49.728741
pyteomics,0.6674238829873502,rtrange,2024-11-21 11:44:49.728741
pyteomics,0.6696943839779124,rtrange,2024-11-21 11:44:49.728741
pyteomics,0.6827636870148126,rtrange,2024-11-21 11:44:49.728741
pyteomics,0.6695848829986062,rtrange,2024-11-21 11:44:49.728741
pyteomics,0.7111235950142145,rtrange,2024-11-21 11:44:49.728741
pyteomics,0.6874523879960179,rtrange,2024-11-21 11:44:49.728741
pyteomics,0.6841871739889029,rtrange,2024-11-21 11:44:49.728741
pyteomics,0.7648411859991029,rtrange,2024-11-21 11:44:49.728741
pyteomics,0.70073127100477,rtrange,2024-11-21 11:44:49.728741
mzmlb,0.574161639000522,rtrange,2024-11-21 11:44:49.728741
mzmlb,0.5749501399986912,rtrange,2024-11-21 11:44:49.728741
mzmlb,0.5825332410167903,rtrange,2024-11-21 11:44:49.728741
mzmlb,0.594533044990385,rtrange,2024-11-21 11:44:49.728741
mzmlb,0.5786444409750402,rtrange,2024-11-21 11:44:49.728741
mzmlb,0.5822479409980588,rtrange,2024-11-21 11:44:49.728741
mzmlb,0.6060413469967898,rtrange,2024-11-21 11:44:49.728741
mzmlb,0.5881100429978687,rtrange,2024-11-21 11:44:49.728741
mzmlb,0.5752177399990615,rtrange,2024-11-21 11:44:49.728741
mzmlb,0.5936986450105906,rtrange,2024-11-21 11:44:49.728741
mztree,0.04106711098575033,chrom,2024-11-21 11:47:24.931683
mztree,0.04672551300609484,chrom,2024-11-21 11:47:24.931683
mztree,0.03743690898409113,chrom,2024-11-21 11:47:24.931683
mztree,0.03733111001201905,chrom,2024-11-21 11:47:24.931683
mztree,0.03159580900683068,chrom,2024-11-21 11:47:24.931683
mztree,0.029185807012254372,chrom,2024-11-21 11:47:24.931683
mztree,0.034782710019499063,chrom,2024-11-21 11:47:24.931683
mztree,0.033831709006335586,chrom,2024-11-21 11:47:24.931683
mztree,0.03364260800299235,chrom,2024-11-21 11:47:24.931683
mztree,0.030840908992104232,chrom,2024-11-21 11:47:24.931683
mztree,0.24920346497674473,rtrange,2024-11-21 11:47:24.931683
mztree,0.20550385501701385,rtrange,2024-11-21 11:47:24.931683
mztree,0.22565445900545456,rtrange,2024-11-21 11:47:24.931683
mztree,0.2061187549843453,rtrange,2024-11-21 11:47:24.931683
mztree,0.1983641520200763,rtrange,2024-11-21 11:47:24.931683
mztree,0.21253085602074862,rtrange,2024-11-21 11:47:24.931683
mztree,0.23179516100208275,rtrange,2024-11-21 11:47:24.931683
mztree,0.19724595299339853,rtrange,2024-11-21 11:47:24.931683
mztree,0.19296794998808764,rtrange,2024-11-21 11:47:24.931683
mztree,0.19518235200666822,rtrange,2024-11-21 11:47:24.931683
mzmd,0.09887802597950213,chrom,2024-11-21 11:51:34.887580
mzmd,0.08732102302019484,chrom,2024-11-21 11:51:34.887580
mzmd,0.08253242200589739,chrom,2024-11-21 11:51:34.887580
mzmd,0.0778889210196212,chrom,2024-11-21 11:51:34.887580
mzmd,0.0773734200047329,chrom,2024-11-21 11:51:34.887580
mzmd,0.07778722100192681,chrom,2024-11-21 11:51:34.887580
mzmd,0.08320212201215327,chrom,2024-11-21 11:51:34.887580
mzmd,0.0930692249967251,chrom,2024-11-21 11:51:34.887580
mzmd,0.0872863230179064,chrom,2024-11-21 11:51:34.887580
mzmd,0.08012302100542001,chrom,2024-11-21 11:51:34.887580
mzmd,0.307984982006019,rtrange,2024-11-21 11:51:34.887580
mzmd,0.30604128100094385,rtrange,2024-11-21 11:51:34.887580
mzmd,0.2666792639938649,rtrange,2024-11-21 11:51:34.887580
mzmd,0.27295382402371615,rtrange,2024-11-21 11:51:34.887580
mzmd,0.26603202999103814,rtrange,2024-11-21 11:51:34.887580
mzmd,0.26310693300911225,rtrange,2024-11-21 11:51:34.887580
mzmd,0.2793186169874389,rtrange,2024-11-21 11:51:34.887580
mzmd,0.26588372999685816,rtrange,2024-11-21 11:51:34.887580
mzmd,0.27034652602742426,rtrange,2024-11-21 11:51:34.887580
mzmd,0.26405823198729195,rtrange,2024-11-21 11:51:34.887580
sqlite,0.6097824170137756,spec,2024-11-26 13:33:04.065450
sqlite,0.0717696670035366,spec,2024-11-26 13:33:04.065450
sqlite,0.0711092920100782,spec,2024-11-26 13:33:04.065450
sqlite,0.07127566600684077,spec,2024-11-26 13:33:04.065450
sqlite,0.07131233299151063,spec,2024-11-26 13:33:04.065450
sqlite,0.07104816701030359,spec,2024-11-26 13:33:04.065450
sqlite,0.07105666698771529,spec,2024-11-26 13:33:04.065450
sqlite,0.07114333298522979,spec,2024-11-26 13:33:04.065450
sqlite,0.0711426250054501,spec,2024-11-26 13:33:04.065450
sqlite,0.07097116598743014,spec,2024-11-26 13:33:04.065450
sqlite_mz,0.10108570900047198,spec,2024-11-26 13:33:04.065450
sqlite_mz,0.06676841698936187,spec,2024-11-26 13:33:04.065450
sqlite_mz,0.08031283400487155,spec,2024-11-26 13:33:04.065450
sqlite_mz,0.08278220798820257,spec,2024-11-26 13:33:04.065450
sqlite_mz,0.06693841697415337,spec,2024-11-26 13:33:04.065450
sqlite_mz,0.06690366700058803,spec,2024-11-26 13:33:04.065450
sqlite_mz,0.06691650001448579,spec,2024-11-26 13:33:04.065450
sqlite_mz,0.06722433399409056,spec,2024-11-26 13:33:04.065450
sqlite_mz,0.06713195799966343,spec,2024-11-26 13:33:04.065450
sqlite_mz,0.06691624998347834,spec,2024-11-26 13:33:04.065450
sqlite_int,0.09481179199065082,spec,2024-11-26 13:33:04.065450
sqlite_int,0.07495154099888168,spec,2024-11-26 13:33:04.065450
sqlite_int,0.06841916698613204,spec,2024-11-26 13:33:04.065450
sqlite_int,0.06932695800787769,spec,2024-11-26 13:33:04.065450
sqlite_int,0.06723449999117292,spec,2024-11-26 13:33:04.065450
sqlite_int,0.06688904200564139,spec,2024-11-26 13:33:04.065450
sqlite_int,0.06694662498193793,spec,2024-11-26 13:33:04.065450
sqlite_int,0.06669887498719618,spec,2024-11-26 13:33:04.065450
sqlite_int,0.06683066600817256,spec,2024-11-26 13:33:04.065450
sqlite_int,0.0667920830019284,spec,2024-11-26 13:33:04.065450
sqlite_rt,0.09143912501167506,spec,2024-11-26 13:33:04.065450
sqlite_rt,0.06715849999454804,spec,2024-11-26 13:33:04.065450
sqlite_rt,0.06716087501263246,spec,2024-11-26 13:33:04.065450
sqlite_rt,0.06690466697909869,spec,2024-11-26 13:33:04.065450
sqlite_rt,0.06697025001631118,spec,2024-11-26 13:33:04.065450
sqlite_rt,0.06693183301831596,spec,2024-11-26 13:33:04.065450
sqlite_rt,0.06695712500368245,spec,2024-11-26 13:33:04.065450
sqlite_rt,0.0669256669934839,spec,2024-11-26 13:33:04.065450
sqlite_rt,0.06687666598008946,spec,2024-11-26 13:33:04.065450
sqlite_rt,0.0670022499980405,spec,2024-11-26 13:33:04.065450
sqlite,0.12383966700872406,chrom,2024-11-26 13:33:04.065450
sqlite,0.004876999999396503,chrom,2024-11-26 13:33:04.065450
sqlite,0.007183541980339214,chrom,2024-11-26 13:33:04.065450
sqlite,0.011663500015856698,chrom,2024-11-26 13:33:04.065450
sqlite,0.008714541996596381,chrom,2024-11-26 13:33:04.065450
sqlite,0.005046833015512675,chrom,2024-11-26 13:33:04.065450
sqlite,0.005486124980961904,chrom,2024-11-26 13:33:04.065450
sqlite,0.005509749986231327,chrom,2024-11-26 13:33:04.065450
sqlite,0.005606000020634383,chrom,2024-11-26 13:33:04.065450
sqlite,0.005430499993963167,chrom,2024-11-26 13:33:04.065450
sqlite_mz,0.21172470800229348,chrom,2024-11-26 13:33:04.065450
sqlite_mz,0.005248458008281887,chrom,2024-11-26 13:33:04.065450
sqlite_mz,0.004422708007041365,chrom,2024-11-26 13:33:04.065450
sqlite_mz,0.0044209159968886524,chrom,2024-11-26 13:33:04.065450
sqlite_mz,0.004506500001298264,chrom,2024-11-26 13:33:04.065450
sqlite_mz,0.0042320000065956265,chrom,2024-11-26 13:33:04.065450
sqlite_mz,0.009407416975591332,chrom,2024-11-26 13:33:04.065450
sqlite_mz,0.007998625020263717,chrom,2024-11-26 13:33:04.065450
sqlite_mz,0.008833500003674999,chrom,2024-11-26 13:33:04.065450
sqlite_mz,0.00791662497795187,chrom,2024-11-26 13:33:04.065450
sqlite_int,0.10770408401731402,chrom,2024-11-26 13:33:04.065450
sqlite_int,0.0941538340121042,chrom,2024-11-26 13:33:04.065450
sqlite_int,0.09036479200585745,chrom,2024-11-26 13:33:04.065450
sqlite_int,0.09028320899233222,chrom,2024-11-26 13:33:04.065450
sqlite_int,0.08897020801668987,chrom,2024-11-26 13:33:04.065450
sqlite_int,0.0883220830000937,chrom,2024-11-26 13:33:04.065450
sqlite_int,0.08868874999461696,chrom,2024-11-26 13:33:04.065450
sqlite_int,0.08850775001337752,chrom,2024-11-26 13:33:04.065450
sqlite_int,0.09020983299706131,chrom,2024-11-26 13:33:04.065450
sqlite_int,0.10719675000291318,chrom,2024-11-26 13:33:04.065450
sqlite_rt,0.1175089169992134,chrom,2024-11-26 13:33:04.065450
sqlite_rt,0.09145108301891014,chrom,2024-11-26 13:33:04.065450
sqlite_rt,0.09908545800135471,chrom,2024-11-26 13:33:04.065450
sqlite_rt,0.09016524997423403,chrom,2024-11-26 13:33:04.065450
sqlite_rt,0.0911018330079969,chrom,2024-11-26 13:33:04.065450
sqlite_rt,0.09060691698687151,chrom,2024-11-26 13:33:04.065450
sqlite_rt,0.09000975001254119,chrom,2024-11-26 13:33:04.065450
sqlite_rt,0.08988216699799523,chrom,2024-11-26 13:33:04.065450
sqlite_rt,0.09899987498647533,chrom,2024-11-26 13:33:04.065450
sqlite_rt,0.08923179100384004,chrom,2024-11-26 13:33:04.065450
sqlite,0.16649162501562387,rtrange,2024-11-26 13:33:04.065450
sqlite,0.09379016701132059,rtrange,2024-11-26 13:33:04.065450
sqlite,0.0935427499935031,rtrange,2024-11-26 13:33:04.065450
sqlite,0.09299341699806973,rtrange,2024-11-26 13:33:04.065450
sqlite,0.09307958398130722,rtrange,2024-11-26 13:33:04.065450
sqlite,0.09865358300157823,rtrange,2024-11-26 13:33:04.065450
sqlite,0.09410041701630689,rtrange,2024-11-26 13:33:04.065450
sqlite,0.09201950000715442,rtrange,2024-11-26 13:33:04.065450
sqlite,0.09289466598420404,rtrange,2024-11-26 13:33:04.065450
sqlite,0.09221358300419524,rtrange,2024-11-26 13:33:04.065450
sqlite_mz,0.21126304197241552,rtrange,2024-11-26 13:33:04.065450
sqlite_mz,0.18545241601532325,rtrange,2024-11-26 13:33:04.065450
sqlite_mz,0.2001480420003645,rtrange,2024-11-26 13:33:04.065450
sqlite_mz,0.2139649169985205,rtrange,2024-11-26 13:33:04.065450
sqlite_mz,0.20471583300968632,rtrange,2024-11-26 13:33:04.065450
sqlite_mz,0.19272966601420194,rtrange,2024-11-26 13:33:04.065450
sqlite_mz,0.18617120801354758,rtrange,2024-11-26 13:33:04.065450
sqlite_mz,0.1847548329969868,rtrange,2024-11-26 13:33:04.065450
sqlite_mz,0.18547749999561347,rtrange,2024-11-26 13:33:04.065450
sqlite_mz,0.18537875000038184,rtrange,2024-11-26 13:33:04.065450
sqlite_int,0.20977699998184107,rtrange,2024-11-26 13:33:04.065450
sqlite_int,0.18513875000644475,rtrange,2024-11-26 13:33:04.065450
sqlite_int,0.1848512910073623,rtrange,2024-11-26 13:33:04.065450
sqlite_int,0.18618254098691978,rtrange,2024-11-26 13:33:04.065450
sqlite_int,0.18691916702664457,rtrange,2024-11-26 13:33:04.065450
sqlite_int,0.18510741699719802,rtrange,2024-11-26 13:33:04.065450
sqlite_int,0.18609425000613555,rtrange,2024-11-26 13:33:04.065450
sqlite_int,0.18565050000324845,rtrange,2024-11-26 13:33:04.065450
sqlite_int,0.18672800000058487,rtrange,2024-11-26 13:33:04.065450
sqlite_int,0.18580762497731484,rtrange,2024-11-26 13:33:04.065450
sqlite_rt,0.1017451660009101,rtrange,2024-11-26 13:33:04.065450
sqlite_rt,0.09659299999475479,rtrange,2024-11-26 13:33:04.065450
sqlite_rt,0.09243591700214893,rtrange,2024-11-26 13:33:04.065450
sqlite_rt,0.09247904099174775,rtrange,2024-11-26 13:33:04.065450
sqlite_rt,0.09263166700839065,rtrange,2024-11-26 13:33:04.065450
sqlite_rt,0.09332049998920411,rtrange,2024-11-26 13:33:04.065450
sqlite_rt,0.0925270419975277,rtrange,2024-11-26 13:33:04.065450
sqlite_rt,0.0929851250257343,rtrange,2024-11-26 13:33:04.065450
sqlite_rt,0.09312633299850859,rtrange,2024-11-26 13:33:04.065450
sqlite_rt,0.09398491700994782,rtrange,2024-11-26 13:33:04.065450
sqlite,0.05593051000005289,spec,2024-11-26 15:03:55.910039
sqlite,0.054888309000034496,spec,2024-11-26 15:03:55.910039
sqlite,0.05487310900025477,spec,2024-11-26 15:03:55.910039
sqlite,0.0567213089998404,spec,2024-11-26 15:03:55.910039
sqlite,0.05760611000005156,spec,2024-11-26 15:03:55.910039
sqlite,0.059813710000071296,spec,2024-11-26 15:03:55.910039
sqlite,0.06565871100019649,spec,2024-11-26 15:03:55.910039
sqlite,0.060515010000017355,spec,2024-11-26 15:03:55.910039
sqlite,0.05741360899992287,spec,2024-11-26 15:03:55.910039
sqlite,0.06067401000018435,spec,2024-11-26 15:03:55.910039
sqlite_mz,0.056259009999848786,spec,2024-11-26 15:03:55.910039
sqlite_mz,0.05458550899993497,spec,2024-11-26 15:03:55.910039
sqlite_mz,0.05601860900014799,spec,2024-11-26 15:03:55.910039
sqlite_mz,0.05494720900014727,spec,2024-11-26 15:03:55.910039
sqlite_mz,0.055774509999992006,spec,2024-11-26 15:03:55.910039
sqlite_mz,0.05418420900014098,spec,2024-11-26 15:03:55.910039
sqlite_mz,0.05497130899993863,spec,2024-11-26 15:03:55.910039
sqlite_mz,0.0554225089999818,spec,2024-11-26 15:03:55.910039
sqlite_mz,0.05438800900037677,spec,2024-11-26 15:03:55.910039
sqlite_mz,0.054535208999823226,spec,2024-11-26 15:03:55.910039
sqlite_int,0.0550341089997346,spec,2024-11-26 15:03:55.910039
sqlite_int,0.05553530999986833,spec,2024-11-26 15:03:55.910039
sqlite_int,0.05745840899999166,spec,2024-11-26 15:03:55.910039
sqlite_int,0.05562470900031258,spec,2024-11-26 15:03:55.910039
sqlite_int,0.05452031000004354,spec,2024-11-26 15:03:55.910039
sqlite_int,0.05505480900001203,spec,2024-11-26 15:03:55.910039
sqlite_int,0.056025109000074735,spec,2024-11-26 15:03:55.910039
sqlite_int,0.06236120999983541,spec,2024-11-26 15:03:55.910039
sqlite_int,0.05715900999985024,spec,2024-11-26 15:03:55.910039
sqlite_int,0.05398060900006385,spec,2024-11-26 15:03:55.910039
sqlite_rt,0.05617960899962782,spec,2024-11-26 15:03:55.910039
sqlite_rt,0.05521780900016893,spec,2024-11-26 15:03:55.910039
sqlite_rt,0.05700970999987476,spec,2024-11-26 15:03:55.910039
sqlite_rt,0.054635908999898675,spec,2024-11-26 15:03:55.910039
sqlite_rt,0.0542285090000405,spec,2024-11-26 15:03:55.910039
sqlite_rt,0.05507820899993021,spec,2024-11-26 15:03:55.910039
sqlite_rt,0.05599471000004996,spec,2024-11-26 15:03:55.910039
sqlite_rt,0.05605780899986712,spec,2024-11-26 15:03:55.910039
sqlite_rt,0.05442530900018028,spec,2024-11-26 15:03:55.910039
sqlite_rt,0.055147509000107675,spec,2024-11-26 15:03:55.910039
sqlite,0.09367891600004441,chrom,2024-11-26 15:03:55.910039
sqlite,0.07883991300013804,chrom,2024-11-26 15:03:55.910039
sqlite,0.07838831299977755,chrom,2024-11-26 15:03:55.910039
sqlite,0.07791791299996476,chrom,2024-11-26 15:03:55.910039
sqlite,0.0813176139999996,chrom,2024-11-26 15:03:55.910039
sqlite,0.08965981400024248,chrom,2024-11-26 15:03:55.910039
sqlite,0.08416081499990469,chrom,2024-11-26 15:03:55.910039
sqlite,0.07938281299993832,chrom,2024-11-26 15:03:55.910039
sqlite,0.08084381299977395,chrom,2024-11-26 15:03:55.910039
sqlite,0.09140141500029131,chrom,2024-11-26 15:03:55.910039
sqlite_mz,0.005433499999980995,chrom,2024-11-26 15:03:55.910039
sqlite_mz,0.005689400999926875,chrom,2024-11-26 15:03:55.910039
sqlite_mz,0.0052923009998266934,chrom,2024-11-26 15:03:55.910039
sqlite_mz,0.005093401000067388,chrom,2024-11-26 15:03:55.910039
sqlite_mz,0.004906400999971083,chrom,2024-11-26 15:03:55.910039
sqlite_mz,0.004957600999659917,chrom,2024-11-26 15:03:55.910039
sqlite_mz,0.0052313010000943905,chrom,2024-11-26 15:03:55.910039
sqlite_mz,0.005508001000180229,chrom,2024-11-26 15:03:55.910039
sqlite_mz,0.005386299999827315,chrom,2024-11-26 15:03:55.910039
sqlite_mz,0.0056292009999197035,chrom,2024-11-26 15:03:55.910039
sqlite_int,0.08969701500018346,chrom,2024-11-26 15:03:55.910039
sqlite_int,0.0779418130000522,chrom,2024-11-26 15:03:55.910039
sqlite_int,0.07764041299969904,chrom,2024-11-26 15:03:55.910039
sqlite_int,0.07822921300021335,chrom,2024-11-26 15:03:55.910039
sqlite_int,0.0779695129999709,chrom,2024-11-26 15:03:55.910039
sqlite_int,0.0818558139999368,chrom,2024-11-26 15:03:55.910039
sqlite_int,0.0842639140000756,chrom,2024-11-26 15:03:55.910039
sqlite_int,0.08298181400004978,chrom,2024-11-26 15:03:55.910039
sqlite_int,0.07842191300005652,chrom,2024-11-26 15:03:55.910039
sqlite_int,0.08016801299982035,chrom,2024-11-26 15:03:55.910039
sqlite_rt,0.07859821400006695,chrom,2024-11-26 15:03:55.910039
sqlite_rt,0.08118421300014234,chrom,2024-11-26 15:03:55.910039
sqlite_rt,0.07888531300022805,chrom,2024-11-26 15:03:55.910039
sqlite_rt,0.07829701299988301,chrom,2024-11-26 15:03:55.910039
sqlite_rt,0.07771321300015188,chrom,2024-11-26 15:03:55.910039
sqlite_rt,0.07838491300026362,chrom,2024-11-26 15:03:55.910039
sqlite_rt,0.07811881299994639,chrom,2024-11-26 15:03:55.910039
sqlite_rt,0.07786961300007533,chrom,2024-11-26 15:03:55.910039
sqlite_rt,0.07929621400035103,chrom,2024-11-26 15:03:55.910039
sqlite_rt,0.07988791299976583,chrom,2024-11-26 15:03:55.910039
sqlite,0.19492344899981617,rtrange,2024-11-26 15:03:55.910039
sqlite,0.17645994600025006,rtrange,2024-11-26 15:03:55.910039
sqlite,0.1838185470001008,rtrange,2024-11-26 15:03:55.910039
sqlite,0.1761373449999155,rtrange,2024-11-26 15:03:55.910039
sqlite,0.17563384499999302,rtrange,2024-11-26 15:03:55.910039
sqlite,0.176236345000234,rtrange,2024-11-26 15:03:55.910039
sqlite,0.17958824599963918,rtrange,2024-11-26 15:03:55.910039
sqlite,0.18226344699996844,rtrange,2024-11-26 15:03:55.910039
sqlite,0.17626344500013147,rtrange,2024-11-26 15:03:55.910039
sqlite,0.17646214500018687,rtrange,2024-11-26 15:03:55.910039
sqlite_mz,0.18207384700008333,rtrange,2024-11-26 15:03:55.910039
sqlite_mz,0.18439285100021152,rtrange,2024-11-26 15:03:55.910039
sqlite_mz,0.17973855499985802,rtrange,2024-11-26 15:03:55.910039
sqlite_mz,0.18167075700011992,rtrange,2024-11-26 15:03:55.910039
sqlite_mz,0.1747996540002532,rtrange,2024-11-26 15:03:55.910039
sqlite_mz,0.17945005499996114,rtrange,2024-11-26 15:03:55.910039
sqlite_mz,0.20713656399993852,rtrange,2024-11-26 15:03:55.910039
sqlite_mz,0.19424046099993575,rtrange,2024-11-26 15:03:55.910039
sqlite_mz,0.21050016499975754,rtrange,2024-11-26 15:03:55.910039
sqlite_mz,0.21694686699993326,rtrange,2024-11-26 15:03:55.910039
sqlite_int,0.18760495800006538,rtrange,2024-11-26 15:03:55.910039
sqlite_int,0.22929717099987101,rtrange,2024-11-26 15:03:55.910039
sqlite_int,0.19777026100018702,rtrange,2024-11-26 15:03:55.910039
sqlite_int,0.20973916499997358,rtrange,2024-11-26 15:03:55.910039
sqlite_int,0.21732606800014764,rtrange,2024-11-26 15:03:55.910039
sqlite_int,0.19539265999992494,rtrange,2024-11-26 15:03:55.910039
sqlite_int,0.2271619709999868,rtrange,2024-11-26 15:03:55.910039
sqlite_int,0.24922167700015052,rtrange,2024-11-26 15:03:55.910039
sqlite_int,0.2240421689998584,rtrange,2024-11-26 15:03:55.910039
sqlite_int,0.23674917300013476,rtrange,2024-11-26 15:03:55.910039
sqlite_rt,0.11168593399997917,rtrange,2024-11-26 15:03:55.910039
sqlite_rt,0.12506653900027231,rtrange,2024-11-26 15:03:55.910039
sqlite_rt,0.12068843699989884,rtrange,2024-11-26 15:03:55.910039
sqlite_rt,0.12445493900031579,rtrange,2024-11-26 15:03:55.910039
sqlite_rt,0.11599023600001601,rtrange,2024-11-26 15:03:55.910039
sqlite_rt,0.1249779380000291,rtrange,2024-11-26 15:03:55.910039
sqlite_rt,0.11795373699987977,rtrange,2024-11-26 15:03:55.910039
sqlite_rt,0.10851743400007763,rtrange,2024-11-26 15:03:55.910039
sqlite_rt,0.12241143800019927,rtrange,2024-11-26 15:03:55.910039
sqlite_rt,0.1255639380001412,rtrange,2024-11-26 15:03:55.910039
pyteomics,0.08193968600244261,spec,2024-12-04 14:59:46.203390
pyteomics,0.06153408900718205,spec,2024-12-04 14:59:46.203390
pyteomics,0.055604990004212596,spec,2024-12-04 14:59:46.203390
pyteomics,0.058639490001951344,spec,2024-12-04 14:59:46.203390
pyteomics,0.05994648899650201,spec,2024-12-04 14:59:46.203390
pyteomics,0.05440909099706914,spec,2024-12-04 14:59:46.203390
pyteomics,0.05749129000469111,spec,2024-12-04 14:59:46.203390
pyteomics,0.05458249000366777,spec,2024-12-04 14:59:46.203390
pyteomics,0.053728091006632894,spec,2024-12-04 14:59:46.203390
pyteomics,0.05923299001005944,spec,2024-12-04 14:59:46.203390
mzdb,0.43242072500288486,spec,2024-12-04 14:59:46.203390
mzdb,0.3951646319910651,spec,2024-12-04 14:59:46.203390
mzdb,0.4059361550025642,spec,2024-12-04 14:59:46.203390
mzdb,0.3898401969927363,spec,2024-12-04 14:59:46.203390
mzdb,0.41161969500535633,spec,2024-12-04 14:59:46.203390
mzdb,0.3458462970011169,spec,2024-12-04 14:59:46.203390
mzdb,0.3557527959928848,spec,2024-12-04 14:59:46.203390
mzdb,0.3510650969983544,spec,2024-12-04 14:59:46.203390
mzdb,0.3499283959972672,spec,2024-12-04 14:59:46.203390
mzdb,0.3430893970071338,spec,2024-12-04 14:59:46.203390
pyteomics,1.8430185559991514,chrom,2024-12-04 14:59:46.203390
pyteomics,1.5740600760036614,chrom,2024-12-04 14:59:46.203390
pyteomics,1.6987552759965183,chrom,2024-12-04 14:59:46.203390
pyteomics,1.5981315770040965,chrom,2024-12-04 14:59:46.203390
pyteomics,1.611627877005958,chrom,2024-12-04 14:59:46.203390
pyteomics,1.7132364850112936,chrom,2024-12-04 14:59:46.203390
pyteomics,1.731066895998083,chrom,2024-12-04 14:59:46.203390
pyteomics,1.5879603720095474,chrom,2024-12-04 14:59:46.203390
pyteomics,1.6254454459995031,chrom,2024-12-04 14:59:46.203390
pyteomics,1.6772728440118954,chrom,2024-12-04 14:59:46.203390
mzdb,0.415478486000211,chrom,2024-12-04 14:59:46.203390
mzdb,0.24821219099976588,chrom,2024-12-04 14:59:46.203390
mzdb,0.24172089200874325,chrom,2024-12-04 14:59:46.203390
mzdb,0.30255353900429327,chrom,2024-12-04 14:59:46.203390
mzdb,0.2538440500065917,chrom,2024-12-04 14:59:46.203390
mzdb,0.2470436309959041,chrom,2024-12-04 14:59:46.203390
mzdb,0.2568963590019848,chrom,2024-12-04 14:59:46.203390
mzdb,0.2542717519972939,chrom,2024-12-04 14:59:46.203390
mzdb,0.2415630139876157,chrom,2024-12-04 14:59:46.203390
mzdb,0.22653026999614667,chrom,2024-12-04 14:59:46.203390
pyteomics,0.8827612000022782,rtrange,2024-12-04 14:59:46.203390
pyteomics,0.9367169759934768,rtrange,2024-12-04 14:59:46.203390
pyteomics,0.8923998959944583,rtrange,2024-12-04 14:59:46.203390
pyteomics,0.9222123820072738,rtrange,2024-12-04 14:59:46.203390
pyteomics,1.0192660379980225,rtrange,2024-12-04 14:59:46.203390
pyteomics,1.1063092289987253,rtrange,2024-12-04 14:59:46.203390
pyteomics,0.9308802989980904,rtrange,2024-12-04 14:59:46.203390
pyteomics,0.9635117979923962,rtrange,2024-12-04 14:59:46.203390
pyteomics,0.8825844989914913,rtrange,2024-12-04 14:59:46.203390
pyteomics,0.9808370980026666,rtrange,2024-12-04 14:59:46.203390
mzdb,3.038474294997286,rtrange,2024-12-04 14:59:46.203390
mzdb,2.524952227002359,rtrange,2024-12-04 14:59:46.203390
mzdb,2.776226913993014,rtrange,2024-12-04 14:59:46.203390
mzdb,2.888811873010127,rtrange,2024-12-04 14:59:46.203390
mzdb,2.715092282000114,rtrange,2024-12-04 14:59:46.203390
mzdb,2.9029974839941133,rtrange,2024-12-04 14:59:46.203390
mzdb,2.594884316000389,rtrange,2024-12-04 14:59:46.203390
mzdb,2.5909257530001923,rtrange,2024-12-04 14:59:46.203390
mzdb,2.5360490859893616,rtrange,2024-12-04 14:59:46.203390
mzdb,2.6413214139902266,rtrange,2024-12-04 14:59:46.203390
pyteomics,0.06878030399093404,spec,2024-12-04 15:01:11.231731
pyteomics,0.054349902988178656,spec,2024-12-04 15:01:11.231731
pyteomics,0.054206903994781896,spec,2024-12-04 15:01:11.231731
pyteomics,0.05988410300051328,spec,2024-12-04 15:01:11.231731
pyteomics,0.060988304001512006,spec,2024-12-04 15:01:11.231731
pyteomics,0.0547993029904319,spec,2024-12-04 15:01:11.231731
pyteomics,0.0527516040019691,spec,2024-12-04 15:01:11.231731
pyteomics,0.05732110299868509,spec,2024-12-04 15:01:11.231731
pyteomics,0.05501360399648547,spec,2024-12-04 15:01:11.231731
pyteomics,0.05416160299500916,spec,2024-12-04 15:01:11.231731
mzdb,0.42323572500026785,spec,2024-12-04 15:01:11.231731
mzdb,0.5087073309987318,spec,2024-12-04 15:01:11.231731
mzdb,0.37055450600746553,spec,2024-12-04 15:01:11.231731
mzdb,0.37576031099888496,spec,2024-12-04 15:01:11.231731
mzdb,0.3673275639885105,spec,2024-12-04 15:01:11.231731
mzdb,0.3645778479985893,spec,2024-12-04 15:01:11.231731
mzdb,0.37798802299948875,spec,2024-12-04 15:01:11.231731
mzdb,0.38042553700506687,spec,2024-12-04 15:01:11.231731
mzdb,0.37817302499024663,spec,2024-12-04 15:01:11.231731
mzdb,0.3605419259984046,spec,2024-12-04 15:01:11.231731
pyteomics,1.6641465839929879,chrom,2024-12-04 15:01:11.231731
pyteomics,1.9326900330052013,chrom,2024-12-04 15:01:11.231731
pyteomics,1.883078694998403,chrom,2024-12-04 15:01:11.231731
pyteomics,2.554700356995454,chrom,2024-12-04 15:01:11.231731
pyteomics,2.001387447002344,chrom,2024-12-04 15:01:11.231731
pyteomics,1.7840691460005473,chrom,2024-12-04 15:01:11.231731
pyteomics,1.6645888650091365,chrom,2024-12-04 15:01:11.231731
pyteomics,1.5649349189916393,chrom,2024-12-04 15:01:11.231731
pyteomics,1.5746787279931596,chrom,2024-12-04 15:01:11.231731
pyteomics,1.551096905997838,chrom,2024-12-04 15:01:11.231731
mzdb,0.258157950011082,chrom,2024-12-04 15:01:11.231731
mzdb,0.2312399250076851,chrom,2024-12-04 15:01:11.231731
mzdb,0.23351992698735557,chrom,2024-12-04 15:01:11.231731
mzdb,0.2303930229973048,chrom,2024-12-04 15:01:11.231731
mzdb,0.2333782269997755,chrom,2024-12-04 15:01:11.231731
mzdb,0.23674762999871746,chrom,2024-12-04 15:01:11.231731
mzdb,0.24154673400335014,chrom,2024-12-04 15:01:11.231731
mzdb,0.22624961999827065,chrom,2024-12-04 15:01:11.231731
mzdb,0.23346012600813992,chrom,2024-12-04 15:01:11.231731
mzdb,0.2347922279877821,chrom,2024-12-04 15:01:11.231731
pyteomics,0.8208752849895973,rtrange,2024-12-04 15:01:11.231731
pyteomics,0.8635202029981883,rtrange,2024-12-04 15:01:11.231731
pyteomics,0.8560703960101819,rtrange,2024-12-04 15:01:11.231731
pyteomics,0.8608728999970481,rtrange,2024-12-04 15:01:11.231731
pyteomics,0.8974637299979804,rtrange,2024-12-04 15:01:11.231731
pyteomics,0.8536550950084347,rtrange,2024-12-04 15:01:11.231731
pyteomics,0.8486244899977464,rtrange,2024-12-04 15:01:11.231731
pyteomics,0.8574272979894886,rtrange,2024-12-04 15:01:11.231731
pyteomics,0.8315646760020172,rtrange,2024-12-04 15:01:11.231731
pyteomics,0.8604800969915232,rtrange,2024-12-04 15:01:11.231731
mzdb,2.6136022499995306,rtrange,2024-12-04 15:01:11.231731
mzdb,2.585900528007187,rtrange,2024-12-04 15:01:11.231731
mzdb,3.0556908680009656,rtrange,2024-12-04 15:01:11.231731
mzdb,3.2117662809905596,rtrange,2024-12-04 15:01:11.231731
mzdb,2.979964944999665,rtrange,2024-12-04 15:01:11.231731
mzdb,2.8880257379933028,rtrange,2024-12-04 15:01:11.231731
mzdb,2.9317805000027874,rtrange,2024-12-04 15:01:11.231731
mzdb,2.81768961600028,rtrange,2024-12-04 15:01:11.231731
mzdb,3.088332903003902,rtrange,2024-12-04 15:01:11.231731
mzdb,2.687479133994202,rtrange,2024-12-04 15:01:11.231731
